image,resolution,run_id,h2d_ms,kernel_ms,d2h_ms,total_ms
agriculture1.pgm,640x480,1,0.078112,0.071136,0.136384,0.285632
agriculture1.pgm,640x480,2,0.070688,0.061376,0.127904,0.259968
agriculture1.pgm,640x480,3,0.064608,0.06656,0.175968,0.307136
agriculture1.pgm,640x480,4,0.063232,0.060768,0.17776,0.30176
agriculture1.pgm,640x480,5,0.064864,0.067584,0.12416,0.256608
agriculture1.pgm,640x480,6,0.063456,0.065696,0.124544,0.253696
agriculture1.pgm,640x480,7,0.064128,0.065088,0.124096,0.253312
agriculture1.pgm,640x480,8,0.062912,0.065376,0.122368,0.250656
agriculture1.pgm,640x480,9,0.06448,0.066784,0.123584,0.254848
agriculture1.pgm,640x480,10,0.06368,0.06544,0.1232,0.25232
agriculture1.pgm,640x480,11,0.064832,0.065664,0.121056,0.251552
agriculture1.pgm,640x480,12,0.063712,0.067488,0.126432,0.257632
agriculture1.pgm,640x480,13,0.061888,0.069024,0.125024,0.255936
agriculture1.pgm,640x480,14,0.062528,0.06768,0.125632,0.25584
agriculture1.pgm,640x480,15,0.063744,0.06752,0.13152,0.262784
agriculture1.pgm,640x480,16,0.063872,0.06736,0.124256,0.255488
agriculture1.pgm,640x480,17,0.061472,0.070464,0.125152,0.257088
agriculture1.pgm,640x480,18,0.065472,0.071616,0.127104,0.264192
agriculture1.pgm,640x480,19,0.061792,0.075712,0.172928,0.310432
agriculture1.pgm,640x480,20,0.101088,0.067104,0.151424,0.319616
agriculture1.pgm,640x480,21,0.09504,0.067776,0.144224,0.30704
agriculture1.pgm,640x480,22,0.095744,0.066176,0.143488,0.305408
agriculture1.pgm,640x480,23,0.09664,0.065984,0.143488,0.306112
agriculture1.pgm,640x480,24,0.096896,0.065696,0.147104,0.309696
agriculture1.pgm,640x480,25,0.094112,0.066688,0.146368,0.307168
agriculture1.pgm,640x480,26,0.093728,0.066912,0.144192,0.304832
agriculture1.pgm,640x480,27,0.095072,0.066368,0.141856,0.303296
agriculture1.pgm,640x480,28,0.097856,0.065664,0.146656,0.310176
agriculture1.pgm,640x480,29,0.09728,0.065664,0.144736,0.30768
agriculture1.pgm,640x480,30,0.09408,0.067264,0.143456,0.3048
agriculture2.pgm,640x480,1,0.065792,0.061664,0.121792,0.249248
agriculture2.pgm,640x480,2,0.065504,0.065184,0.12304,0.253728
agriculture2.pgm,640x480,3,0.064576,0.0624,0.11904,0.246016
agriculture2.pgm,640x480,4,0.065088,0.063008,0.121152,0.249248
agriculture2.pgm,640x480,5,0.064096,0.063232,0.120896,0.248224
agriculture2.pgm,640x480,6,0.064032,0.0632,0.118816,0.246048
agriculture2.pgm,640x480,7,0.066272,0.064672,0.120096,0.25104
agriculture2.pgm,640x480,8,0.065248,0.061856,0.118848,0.245952
agriculture2.pgm,640x480,9,0.064512,0.061888,0.120032,0.246432
agriculture2.pgm,640x480,10,0.064512,0.065632,0.120768,0.250912
agriculture2.pgm,640x480,11,0.064352,0.06256,0.129824,0.256736
agriculture2.pgm,640x480,12,0.075264,0.064256,0.119936,0.259456
agriculture2.pgm,640x480,13,0.065024,0.062816,0.122592,0.250432
agriculture2.pgm,640x480,14,0.065312,0.062016,0.117888,0.245216
agriculture2.pgm,640x480,15,0.065504,0.064384,0.119104,0.248992
agriculture2.pgm,640x480,16,0.063936,0.061088,0.120352,0.245376
agriculture2.pgm,640x480,17,0.064832,0.06272,0.119328,0.24688
agriculture2.pgm,640x480,18,0.065248,0.066048,0.120928,0.252224
agriculture2.pgm,640x480,19,0.064672,0.061568,0.119616,0.245856
agriculture2.pgm,640x480,20,0.06512,0.063264,0.11824,0.246624
agriculture2.pgm,640x480,21,0.065312,0.063008,0.121568,0.249888
agriculture2.pgm,640x480,22,0.06416,0.061856,0.120096,0.246112
agriculture2.pgm,640x480,23,0.065568,0.065216,0.120768,0.251552
agriculture2.pgm,640x480,24,0.068032,0.062496,0.119776,0.250304
agriculture2.pgm,640x480,25,0.06368,0.062496,0.11824,0.244416
agriculture2.pgm,640x480,26,0.064064,0.065664,0.12176,0.251488
agriculture2.pgm,640x480,27,0.064288,0.064544,0.120128,0.24896
agriculture2.pgm,640x480,28,0.065152,0.06368,0.118336,0.247168
agriculture2.pgm,640x480,29,0.06448,0.064832,0.121472,0.250784
agriculture2.pgm,640x480,30,0.063904,0.11664,0.126816,0.30736
agriculture3.pgm,640x480,1,0.060128,0.086208,0.120896,0.267232
agriculture3.pgm,640x480,2,0.065184,0.063424,0.11968,0.248288
agriculture3.pgm,640x480,3,0.064672,0.066784,0.122016,0.253472
agriculture3.pgm,640x480,4,0.06432,0.06256,0.1192,0.24608
agriculture3.pgm,640x480,5,0.064576,0.064608,0.123584,0.252768
agriculture3.pgm,640x480,6,0.066016,0.061696,0.123712,0.251424
agriculture3.pgm,640x480,7,0.064544,0.062496,0.12016,0.2472
agriculture3.pgm,640x480,8,0.068608,0.072672,0.124608,0.265888
agriculture3.pgm,640x480,9,0.064608,0.062752,0.121728,0.249088
agriculture3.pgm,640x480,10,0.064448,0.063776,0.120576,0.2488
agriculture3.pgm,640x480,11,0.064928,0.26432,0.153088,0.482336
agriculture3.pgm,640x480,12,0.074496,0.06352,0.124512,0.262528
agriculture3.pgm,640x480,13,0.063232,0.076864,0.134688,0.274784
agriculture3.pgm,640x480,14,0.06224,0.145792,0.124352,0.332384
agriculture3.pgm,640x480,15,0.06544,0.147648,0.12752,0.340608
agriculture3.pgm,640x480,16,0.066752,0.06416,0.126112,0.257024
agriculture3.pgm,640x480,17,0.064352,0.344672,0.125376,0.5344
agriculture3.pgm,640x480,18,0.066368,0.065952,0.123552,0.255872
agriculture3.pgm,640x480,19,0.065568,0.062848,0.117856,0.246272
agriculture3.pgm,640x480,20,0.064992,0.06464,0.118528,0.24816
agriculture3.pgm,640x480,21,0.06432,0.06208,0.121856,0.248256
agriculture3.pgm,640x480,22,0.066016,0.062912,0.119584,0.248512
agriculture3.pgm,640x480,23,0.065376,0.065312,0.120672,0.25136
agriculture3.pgm,640x480,24,0.065152,0.061824,0.118976,0.245952
agriculture3.pgm,640x480,25,0.065376,0.063008,0.11712,0.245504
agriculture3.pgm,640x480,26,0.064224,0.065728,0.121824,0.251776
agriculture3.pgm,640x480,27,0.0648,0.063168,0.117568,0.245536
agriculture3.pgm,640x480,28,0.065664,0.065408,0.120032,0.251104
agriculture3.pgm,640x480,29,0.065472,0.06224,0.122368,0.25008
agriculture3.pgm,640x480,30,0.064704,0.062848,0.119424,0.246976
automobile1.pgm,640x480,1,0.065568,0.065536,0.12048,0.251584
automobile1.pgm,640x480,2,0.06528,0.062272,0.1192,0.246752
automobile1.pgm,640x480,3,0.06528,0.063392,0.118912,0.247584
automobile1.pgm,640x480,4,0.06416,0.06496,0.121824,0.250944
automobile1.pgm,640x480,5,0.063968,0.063104,0.119168,0.24624
automobile1.pgm,640x480,6,0.064928,0.064896,0.119616,0.24944
automobile1.pgm,640x480,7,0.064192,0.060928,0.121344,0.246464
automobile1.pgm,640x480,8,0.065056,0.062688,0.11872,0.246464
automobile1.pgm,640x480,9,0.065024,0.065024,0.120704,0.250752
automobile1.pgm,640x480,10,0.12368,0.063488,0.121856,0.309024
automobile1.pgm,640x480,11,0.071712,0.063872,0.12,0.255584
automobile1.pgm,640x480,12,0.065152,0.066208,0.121056,0.252416
automobile1.pgm,640x480,13,0.064992,0.062848,0.11776,0.2456
automobile1.pgm,640x480,14,0.065344,0.064416,0.119456,0.249216
automobile1.pgm,640x480,15,0.064384,0.06192,0.123936,0.25024
automobile1.pgm,640x480,16,0.06512,0.062944,0.11888,0.246944
automobile1.pgm,640x480,17,0.06576,0.065696,0.119584,0.25104
automobile1.pgm,640x480,18,0.064544,0.061888,0.119424,0.245856
automobile1.pgm,640x480,19,0.064256,0.0632,0.119168,0.246624
automobile1.pgm,640x480,20,0.06496,0.06592,0.120832,0.251712
automobile1.pgm,640x480,21,0.065504,0.062912,0.116736,0.245152
automobile1.pgm,640x480,22,0.064864,0.06512,0.1224,0.252384
automobile1.pgm,640x480,23,0.064704,0.061984,0.121056,0.247744
automobile1.pgm,640x480,24,0.065088,0.062048,0.117824,0.24496
automobile1.pgm,640x480,25,0.065216,0.064896,0.120512,0.250624
automobile1.pgm,640x480,26,0.063616,0.062464,0.118816,0.244896
automobile1.pgm,640x480,27,0.06432,0.062976,0.119456,0.246752
automobile1.pgm,640x480,28,0.06528,0.0664,0.121024,0.252704
automobile1.pgm,640x480,29,0.06448,0.062784,0.122112,0.249376
automobile1.pgm,640x480,30,0.064544,0.063616,0.119008,0.247168
automobile2.pgm,640x480,1,0.064896,0.06224,0.119552,0.246688
automobile2.pgm,640x480,2,0.06448,0.064832,0.119232,0.248544
automobile2.pgm,640x480,3,0.064576,0.06352,0.121792,0.249888
automobile2.pgm,640x480,4,0.063456,0.061408,0.118432,0.243296
automobile2.pgm,640x480,5,0.064352,0.064512,0.122368,0.251232
automobile2.pgm,640x480,6,0.065024,0.061216,0.11808,0.24432
automobile2.pgm,640x480,7,0.064832,0.063168,0.152352,0.280352
automobile2.pgm,640x480,8,0.076032,0.064256,0.123936,0.264224
automobile2.pgm,640x480,9,0.064192,0.062912,0.121248,0.248352
automobile2.pgm,640x480,10,0.063712,0.06224,0.11904,0.244992
automobile2.pgm,640x480,11,0.06368,0.066496,0.119328,0.249504
automobile2.pgm,640x480,12,0.065536,0.07264,0.121216,0.259392
automobile2.pgm,640x480,13,0.069056,0.062464,0.120032,0.251552
automobile2.pgm,640x480,14,0.065472,0.063136,0.121824,0.250432
automobile2.pgm,640x480,15,0.06544,0.062176,0.117504,0.24512
automobile2.pgm,640x480,16,0.063968,0.06432,0.120032,0.24832
automobile2.pgm,640x480,17,0.064544,0.06128,0.119584,0.245408
automobile2.pgm,640x480,18,0.065184,0.062496,0.119456,0.247136
automobile2.pgm,640x480,19,0.064736,0.065728,0.120736,0.2512
automobile2.pgm,640x480,20,0.06544,0.06288,0.118048,0.246368
automobile2.pgm,640x480,21,0.06528,0.063168,0.149088,0.277536
automobile2.pgm,640x480,22,0.064,0.077696,0.139424,0.28112
automobile2.pgm,640x480,23,0.0672,0.07088,0.132192,0.270272
automobile2.pgm,640x480,24,0.06528,0.44048,0.124832,0.630592
automobile2.pgm,640x480,25,0.066432,0.064064,0.121792,0.252288
automobile2.pgm,640x480,26,0.066624,0.065536,0.120256,0.252416
automobile2.pgm,640x480,27,0.06656,0.062816,0.11776,0.247136
automobile2.pgm,640x480,28,0.065504,0.064384,0.11888,0.248768
automobile2.pgm,640x480,29,0.064928,0.06304,0.121024,0.248992
automobile2.pgm,640x480,30,0.065344,0.061664,0.1192,0.246208
automobile3.pgm,640x480,1,0.060704,0.24096,0.12208,0.423744
automobile3.pgm,640x480,2,0.067232,0.066656,0.125376,0.259264
automobile3.pgm,640x480,3,0.065216,0.426752,0.119104,0.611072
automobile3.pgm,640x480,4,0.067136,0.06304,0.119232,0.249408
automobile3.pgm,640x480,5,0.064704,0.063584,0.117696,0.245984
automobile3.pgm,640x480,6,0.06464,0.063392,0.120832,0.248864
automobile3.pgm,640x480,7,0.064192,0.0632,0.116992,0.244384
automobile3.pgm,640x480,8,0.064864,0.064096,0.119808,0.248768
automobile3.pgm,640x480,9,0.064,0.062496,0.118336,0.244832
automobile3.pgm,640x480,10,0.06384,0.063008,0.123808,0.250656
automobile3.pgm,640x480,11,0.070784,0.066112,0.121344,0.25824
automobile3.pgm,640x480,12,0.063648,0.061184,0.118592,0.243424
automobile3.pgm,640x480,13,0.065088,0.063968,0.119488,0.248544
automobile3.pgm,640x480,14,0.06528,0.062592,0.121504,0.249376
automobile3.pgm,640x480,15,0.064288,0.06208,0.118784,0.245152
automobile3.pgm,640x480,16,0.068128,0.064288,0.118208,0.250624
automobile3.pgm,640x480,17,0.064928,0.062816,0.118784,0.246528
automobile3.pgm,640x480,18,0.064768,0.062944,0.117824,0.245536
automobile3.pgm,640x480,19,0.06432,0.065632,0.121376,0.251328
automobile3.pgm,640x480,20,0.064256,0.061056,0.11856,0.243872
automobile3.pgm,640x480,21,0.065088,0.063456,0.117472,0.246016
automobile3.pgm,640x480,22,0.065056,0.063744,0.122208,0.251008
automobile3.pgm,640x480,23,0.065728,0.061344,0.11936,0.246432
automobile3.pgm,640x480,24,0.064736,0.064256,0.120352,0.249344
automobile3.pgm,640x480,25,0.064544,0.062304,0.119936,0.246784
automobile3.pgm,640x480,26,0.064288,0.06304,0.118336,0.245664
automobile3.pgm,640x480,27,0.064704,0.066208,0.120096,0.251008
automobile3.pgm,640x480,28,0.065792,0.061632,0.116864,0.244288
automobile3.pgm,640x480,29,0.065344,0.064224,0.12016,0.249728
automobile3.pgm,640x480,30,0.063744,0.063104,0.122464,0.249312
detail1.pgm,640x480,1,0.065408,0.064096,0.120192,0.249696
detail1.pgm,640x480,2,0.06496,0.062624,0.12032,0.247904
detail1.pgm,640x480,3,0.064992,0.063584,0.119744,0.24832
detail1.pgm,640x480,4,0.064544,0.065568,0.120576,0.250688
detail1.pgm,640x480,5,0.064576,0.062528,0.11792,0.245024
detail1.pgm,640x480,6,0.064288,0.061696,0.119872,0.245856
detail1.pgm,640x480,7,0.065888,0.064064,0.121792,0.251744
detail1.pgm,640x480,8,0.064416,0.061984,0.118624,0.245024
detail1.pgm,640x480,9,0.065024,0.064864,0.119968,0.249856
detail1.pgm,640x480,10,0.06512,0.063104,0.149312,0.277536
detail1.pgm,640x480,11,0.065312,0.069536,0.12096,0.255808
detail1.pgm,640x480,12,0.063424,0.061536,0.163584,0.288544
detail1.pgm,640x480,13,0.107488,0.067456,0.146016,0.32096
detail1.pgm,640x480,14,0.095744,0.067456,0.143616,0.306816
detail1.pgm,640x480,15,0.097664,0.065664,0.1448,0.308128
detail1.pgm,640x480,16,0.13424,0.066592,0.145952,0.346784
detail1.pgm,640x480,17,0.094912,0.066752,0.142272,0.303936
detail1.pgm,640x480,18,0.0952,0.066816,0.139584,0.3016
detail1.pgm,640x480,19,0.099104,0.06688,0.143712,0.309696
detail1.pgm,640x480,20,0.096832,0.067104,0.14048,0.304416
detail1.pgm,640x480,21,0.094784,0.066528,0.14432,0.305632
detail1.pgm,640x480,22,0.096768,0.066528,0.146208,0.309504
detail1.pgm,640x480,23,0.094112,0.066208,0.143424,0.303744
detail1.pgm,640x480,24,0.095392,0.066336,0.141408,0.303136
detail1.pgm,640x480,25,0.096096,0.067296,0.14368,0.307072
detail1.pgm,640x480,26,0.094176,0.066816,0.144896,0.305888
detail1.pgm,640x480,27,0.093184,0.0664,0.14208,0.301664
detail1.pgm,640x480,28,0.095168,0.066816,0.142144,0.304128
detail1.pgm,640x480,29,0.096416,0.066496,0.141376,0.304288
detail1.pgm,640x480,30,0.0952,0.066752,0.14368,0.305632
detail2.pgm,640x480,1,0.065824,0.066208,0.120832,0.252864
detail2.pgm,640x480,2,0.06432,0.066112,0.119808,0.25024
detail2.pgm,640x480,3,0.06432,0.06272,0.118944,0.245984
detail2.pgm,640x480,4,0.06448,0.063424,0.120256,0.24816
detail2.pgm,640x480,5,0.067104,0.062912,0.121728,0.251744
detail2.pgm,640x480,6,0.06544,0.062272,0.11792,0.245632
detail2.pgm,640x480,7,0.065568,0.064608,0.119744,0.24992
detail2.pgm,640x480,8,0.064448,0.06192,0.119776,0.246144
detail2.pgm,640x480,9,0.06512,0.062624,0.12032,0.248064
detail2.pgm,640x480,10,0.064416,0.065696,0.122144,0.252256
detail2.pgm,640x480,11,0.064,0.061216,0.12432,0.249536
detail2.pgm,640x480,12,0.072576,0.06208,0.123616,0.258272
detail2.pgm,640x480,13,0.065856,0.107744,0.142656,0.316256
detail2.pgm,640x480,14,0.0688,0.187904,0.135488,0.392192
detail2.pgm,640x480,15,0.068192,0.187232,0.118848,0.374272
detail2.pgm,640x480,16,0.067232,0.14768,0.130112,0.345024
detail2.pgm,640x480,17,0.067552,0.162272,0.134656,0.36448
detail2.pgm,640x480,18,0.066976,0.243104,0.183808,0.493888
detail2.pgm,640x480,19,0.065152,0.085568,0.137184,0.287904
detail2.pgm,640x480,20,0.06416,0.073664,0.131424,0.269248
detail2.pgm,640x480,21,0.063424,0.074784,0.130944,0.269152
detail2.pgm,640x480,22,0.063648,0.077856,0.131296,0.2728
detail2.pgm,640x480,23,0.062304,0.078624,0.135072,0.276
detail2.pgm,640x480,24,0.06368,0.07104,0.128064,0.262784
detail2.pgm,640x480,25,0.066464,0.0776,0.128992,0.273056
detail2.pgm,640x480,26,0.06256,0.069632,0.124992,0.257184
detail2.pgm,640x480,27,0.063424,0.073056,0.127424,0.263904
detail2.pgm,640x480,28,0.063168,0.071488,0.134528,0.269184
detail2.pgm,640x480,29,0.061824,0.071296,0.130048,0.263168
detail2.pgm,640x480,30,0.060192,0.077344,0.129664,0.2672
detail3.pgm,640x480,1,0.064256,0.080864,0.136416,0.281536
detail3.pgm,640x480,2,0.0664,0.069536,0.128864,0.2648
detail3.pgm,640x480,3,0.060512,0.075104,0.130976,0.266592
detail3.pgm,640x480,4,0.063136,0.071872,0.138144,0.273152
detail3.pgm,640x480,5,0.063584,0.072864,0.1312,0.267648
detail3.pgm,640x480,6,0.067968,0.075168,0.13072,0.273856
detail3.pgm,640x480,7,0.063392,0.082048,0.135456,0.280896
detail3.pgm,640x480,8,0.062784,0.069824,0.129888,0.262496
detail3.pgm,640x480,9,0.062688,0.072768,0.155232,0.290688
detail3.pgm,640x480,10,0.07344,0.079424,0.138304,0.291168
detail3.pgm,640x480,11,0.065568,0.05552,0.12976,0.250848
detail3.pgm,640x480,12,0.063552,0.076,0.128736,0.268288
detail3.pgm,640x480,13,0.063424,0.07088,0.142272,0.276576
detail3.pgm,640x480,14,0.062848,0.072672,0.127616,0.263136
detail3.pgm,640x480,15,0.059488,0.07568,0.131648,0.266816
detail3.pgm,640x480,16,0.06288,0.070592,0.130496,0.263968
detail3.pgm,640x480,17,0.062752,0.076096,0.126432,0.26528
detail3.pgm,640x480,18,0.063584,0.08112,0.136384,0.281088
detail3.pgm,640x480,19,0.063392,0.072384,0.129856,0.265632
detail3.pgm,640x480,20,0.066016,0.074656,0.128768,0.26944
detail3.pgm,640x480,21,0.063616,0.074176,0.137568,0.27536
detail3.pgm,640x480,22,0.06272,0.074112,0.1272,0.264032
detail3.pgm,640x480,23,0.059712,0.078656,0.132576,0.270944
detail3.pgm,640x480,24,0.062144,0.069664,0.133504,0.265312
detail3.pgm,640x480,25,0.066624,0.07008,0.129024,0.265728
detail3.pgm,640x480,26,0.063136,0.081856,0.13376,0.278752
detail3.pgm,640x480,27,0.062592,0.07392,0.127104,0.263616
detail3.pgm,640x480,28,0.061856,0.078784,0.128704,0.269344
detail3.pgm,640x480,29,0.062976,0.073888,0.137344,0.274208
detail3.pgm,640x480,30,0.06304,0.071296,0.129792,0.264128
