time,Signal
0,5.13429942672162
0.001,4.7610158854517
0.002,5.14847424543821
0.003,5.33358676857946
0.004,5.10783158596904
0.005,5.21950445583303
0.006,5.16045577844897
0.007,4.9569033159168
0.008,5.078878369774
0.009,4.86515989266449
0.01,5.20280773361403
0.011,4.79822649170575
0.012,4.81637805450234
0.013,4.87076374269783
0.014,4.44631766225531
0.015,5.32536121913073
0.016,5.10523356243506
0.017,4.89171968797307
0.018,5.31927453560466
0.019,4.7054205733414
0.02,5.02978392640635
0.021,5.00445107003963
0.022,5.11908936840462
0.023,5.12032673683377
0.024,4.88728546095746
0.025,5.05675701734302
0.026,5.03229668541272
0.027,5.1933185152194
0.028,5.28893409104849
0.029,5.29463882264574
0.03,4.90255608625707
0.031,5.093260213364
0.032,4.83746596315789
0.033,4.86008940790299
0.034,5.08391905779954
0.035,5.39431351052979
0.036,4.93635192514805
0.037,5.16705763839918
0.038,5.05016084762165
0.039,5.3212438677148
0.04,4.882453727841
0.041,5.10927103699324
0.042,5.21575689149627
0.043,5.3278644351739
0.044,5.4190746116485
0.045,5.12990721218515
0.046,4.81689056391428
0.047,4.96923476201894
0.048,4.90786412463261
0.049,5.59275607178998
0.05,5.00202719573881
0.051,5.27724463865959
0.052,5.09162603003825
0.053,5.31031098334664
0.054,4.98209690845661
0.055,4.85708948635578
0.056,4.85554326216192
0.057,5.24013101418336
0.058,5.10948957957794
0.059,5.1082248612884
0.06,5.43376708179709
0.061,5.21068993978179
0.062,5.19440178513356
0.063,5.47484437368715
0.064,4.99887479314162
0.065,5.30155471945513
0.066,5.33170772003044
0.067,5.11840568424634
0.068,5.21273970521839
0.069,4.93889220331728
0.07,4.94492403733751
0.071,5.1979414174355
0.072,5.32386741520451
0.073,5.69896322304057
0.074,5.050933407201
0.075,5.22422249600051
0.076,5.17270031254479
0.077,4.80503565326334
0.078,5.10628615384937
0.079,4.83758084866292
0.08,5.36702701568267
0.081,5.023778822469
0.082,5.22383514717457
0.083,5.09734012457314
0.084,5.26937736396179
0.085,5.09103312754555
0.086,5.31151465569109
0.087,5.36381526028929
0.088,5.56073910501017
0.089,5.18195359896734
0.09,4.7955218309434
0.091,5.05768751125278
0.092,5.49893427557691
0.093,5.01599225113497
0.094,NaN
0.095,5.26004222018648
0.096,5.52497258980542
0.097,4.84785192512001
0.098,5.20288857051139
0.099,5.00325301669884
0.1,5.82881520164583
0.101,5.41464641619643
0.102,NaN
0.103,5.04273725546846
0.104,5.16303177162564
0.105,5.20464005270848
0.106,NaN
0.107,5.20830994532955
0.108,5.40656392725105
0.109,4.85826105153183
0.11,5.20022033664135
0.111,5.10863638128182
0.112,4.96030293397977
0.113,5.37966719975802
0.114,5.33682426888712
0.115,5.2894758514723
0.116,5.01839391428498
0.117,5.51297477247303
0.118,5.3598561754843
0.119,5.23234820344667
0.12,5.29907760069807
0.121,5.24443588119642
0.122,4.94912489090088
0.123,5.24436661401066
0.124,5.13754997410392
0.125,5.11030548485861
0.126,5.07718686268912
0.127,5.20407317544189
0.128,4.91257178629315
0.129,5.50825606400069
0.13,5.42173033279892
0.131,5.3160177394613
0.132,5.31537093136523
0.133,5.16499108922013
0.134,5.53065631621479
0.135,5.30256799098254
0.136,5.1885944320372
0.137,NaN
0.138,5.29111437151893
0.139,5.22054187152408
0.14,5.28187271370498
0.141,5.17331057829252
0.142,5.12113917629602
0.143,5.85263037785551
0.144,5.68079213189822
0.145,5.41345836773238
0.146,5.10278291296071
0.147,5.18336473179056
0.148,5.32339975002574
0.149,5.5192344798792
0.15,5.09679151552859
0.151,4.89945651630642
0.152,5.07784442992944
0.153,5.43659636744595
0.154,5.45039158334855
0.155,5.46467973519411
0.156,5.35050621510312
0.157,5.41551654270224
0.158,5.28575995961054
0.159,5.55560296442719
0.16,5.11306404510722
0.161,5.47860934396438
0.162,5.22005822459353
0.163,5.32501553352258
0.164,5.50473854242754
0.165,5.60418506544692
0.166,5.17502034761855
0.167,5.65285704211275
0.168,5.534927189518
0.169,5.39149473517397
0.17,5.36818889302055
0.171,5.36587313006284
0.172,5.35093010275486
0.173,5.41831391699555
0.174,5.42611194526632
0.175,5.58321140981508
0.176,5.72553504131571
0.177,5.51565929669299
0.178,5.38246627976764
0.179,5.55157536800728
0.18,5.46530688858348
0.181,5.224827835948
0.182,5.62274136792771
0.183,5.49642077005237
0.184,5.46415046580731
0.185,5.54226752150347
0.186,5.49359796131382
0.187,5.25511362879827
0.188,5.41303295862978
0.189,5.41837487961543
0.19,5.34326442691994
0.191,5.7881638789855
0.192,5.2786692900694
0.193,5.35911966955551
0.194,5.31554479067019
0.195,5.22516173534326
0.196,5.42361025922996
0.197,5.40929351752696
0.198,5.77216688661968
0.199,5.41838765471767
0.2,5.25738551925611
0.201,5.79295061910905
0.202,5.721221285507
0.203,5.43038178157405
0.204,5.17709204565007
0.205,5.39141061697131
0.206,5.45115542620627
0.207,5.53955997669111
0.208,5.43411150900039
0.209,5.5770217329661
0.21,5.56870448480887
0.211,5.24217331477806
0.212,5.30469550600598
0.213,5.34804018759316
0.214,5.39666671433486
0.215,5.43607902374852
0.216,5.50464689730488
0.217,4.89827162866747
0.218,5.41465320135618
0.219,5.75648984882116
0.22,5.296598912002
0.221,5.69861881569519
0.222,5.58386632281249
0.223,5.50992483816033
0.224,5.55413520275675
0.225,5.206547235834
0.226,5.50455908427716
0.227,5.84415964526927
0.228,5.54493815953039
0.229,5.5354363725649
0.23,5.38221566971957
0.231,5.5247693671435
0.232,5.5792788964723
0.233,5.61995912761602
0.234,5.46198671288468
0.235,5.49111909405638
0.236,5.94500442381743
0.237,5.09044635587684
0.238,5.98985183906932
0.239,5.61331562741014
0.24,5.74764984866078
0.241,5.21663418223811
0.242,5.43328413386883
0.243,5.4974967424111
0.244,5.63946578289434
0.245,5.22269009770376
0.246,5.65285920047804
0.247,5.31775948069215
0.248,5.575357985524
0.249,5.69437666088616
0.25,5.63109741838466
0.251,5.78398648450517
0.252,5.77044396393124
0.253,5.44081013450159
0.254,5.62416041790426
0.255,5.38562547692971
0.256,5.31188951563181
0.257,5.76295290098142
0.258,5.57973247396469
0.259,5.57046778946764
0.26,5.7654003550679
0.261,5.7038092152657
0.262,5.65664451175295
0.263,5.83836053428581
0.264,5.77596838559808
0.265,5.6396575273946
0.266,5.45532119756875
0.267,5.46476537549556
0.268,5.8351732904456
0.269,5.27605776138714
0.27,5.59519646837718
0.271,5.21197851427151
0.272,5.80750070747941
0.273,5.77739156467986
0.274,5.60692194892768
0.275,5.59415732984793
0.276,5.1126972246685
0.277,5.72781168967366
0.278,5.1747074214543
0.279,5.1509494724466
0.28,5.63239733628032
0.281,5.42831337422819
0.282,5.70190057244366
0.283,5.75658477128647
0.284,5.79431635029469
0.285,5.48611250079407
0.286,5.71578817309464
0.287,5.64760146360974
0.288,NaN
0.289,5.73781190557754
0.29,5.81170169509757
0.291,5.60727371781506
0.292,NaN
0.293,5.8382717584059
0.294,5.21350445914771
0.295,5.53883044568687
0.296,5.38713469793497
0.297,5.56623615954817
0.298,5.77398216097862
0.299,5.81087856844547
0.3,5.44422486696393
0.301,5.55447368212927
0.302,5.67756030637249
0.303,5.59324390650569
0.304,5.71343511162595
0.305,5.73450596253118
0.306,5.46996937567234
0.307,5.62203107371783
0.308,5.23240715827043
0.309,5.88932086905809
0.31,5.53584630722082
0.311,5.42230386672337
0.312,5.61368778267209
0.313,5.38014364614611
0.314,5.66309122335022
0.315,5.55651288978898
0.316,6.10557817387054
0.317,5.89908543958782
0.318,5.17337836520163
0.319,5.76237771607387
0.32,5.3958347652394
0.321,5.62579464855811
0.322,5.71102316353181
0.323,5.82901912597228
0.324,5.62618619555517
0.325,5.99737216079249
0.326,5.58723451500367
0.327,5.75022743830284
0.328,5.81896814908044
0.329,5.70434858356365
0.33,5.86478417867936
0.331,5.75451220961536
0.332,5.53430949702145
0.333,5.3313263939252
0.334,6.06537515064273
0.335,5.57399919379566
0.336,5.71681894819775
0.337,5.81001531626
0.338,5.72132936319474
0.339,5.51888586490716
0.34,5.60750242754472
0.341,5.67727467212428
0.342,5.99924474645325
0.343,5.53248335393701
0.344,5.86276667460553
0.345,5.76873713206066
0.346,5.66141304064013
0.347,5.49795605536842
0.348,5.6536809681256
0.349,5.69432264461081
0.35,5.41892620445342
0.351,5.75237915147313
0.352,5.55061448406298
0.353,5.6973484010679
0.354,5.78455549761904
0.355,5.53749124875913
0.356,5.66187292901196
0.357,5.79063179199115
0.358,5.3545353389937
0.359,5.92998315319552
0.36,6.20875387096069
0.361,5.91680827005863
0.362,5.66283314063101
0.363,5.81276428185671
0.364,5.52088782084532
0.365,6.10469571340753
0.366,5.91829415059323
0.367,5.8886458682063
0.368,5.5570180857054
0.369,5.79719176440199
0.37,5.622544843577
0.371,5.67291233356536
0.372,5.62218349456426
0.373,5.53201874953146
0.374,5.55638907452123
0.375,5.69712415919791
0.376,5.40028894863304
0.377,5.86253271598447
0.378,5.71839646481414
0.379,5.88272438844165
0.38,NaN
0.381,5.84360012556943
0.382,5.44903268546339
0.383,5.54251082897053
0.384,5.65806415181638
0.385,5.77028694292941
0.386,5.97498719980421
0.387,5.69212459127778
0.388,6.00329722975133
0.389,5.84693452321051
0.39,5.98752796546212
0.391,5.77894165417576
0.392,5.62302924292467
0.393,5.45894535699708
0.394,5.78714825932462
0.395,5.92057856076624
0.396,5.69916101782892
0.397,5.65032423964952
0.398,5.69754855293621
0.399,5.54074615497552
0.4,5.66224324997283
0.401,5.72547023027353
0.402,5.77155169435652
0.403,5.75038469644945
0.404,5.88615867461036
0.405,5.78649795059364
0.406,6.12817273130314
0.407,5.82850208243195
0.408,6.12771618555874
0.409,5.62290568156915
0.41,5.87354435609147
0.411,5.71688216508986
0.412,5.88965063903059
0.413,5.88909050037662
0.414,5.33377462008236
0.415,5.50623730486218
0.416,5.48410259153884
0.417,5.85332596443333
0.418,6.06764144637965
0.419,5.70887483450591
0.42,5.93733112983106
0.421,5.88459575062813
0.422,5.56577481528792
0.423,NaN
0.424,5.62692643859536
0.425,6.08114931564733
0.426,5.77196550694681
0.427,6.10625392943736
0.428,5.69460980010726
0.429,5.89806797727102
0.43,5.76817516440733
0.431,5.3768860236407
0.432,5.58538819369875
0.433,5.90484573149797
0.434,5.77188749746264
0.435,5.55963184800687
0.436,5.65860833413397
0.437,5.83428564681091
0.438,5.58626861264475
0.439,5.98034502779938
0.44,5.65768789923774
0.441,6.14806938660975
0.442,5.5707829138485
0.443,5.82704558933596
0.444,5.48344615526957
0.445,5.643361235866
0.446,5.66986561311704
0.447,5.86920337694695
0.448,5.97777541921368
0.449,5.849850804715
0.45,5.71553654074991
0.451,5.95363763690672
0.452,5.95069879422167
0.453,5.81533610660884
0.454,5.90591042082502
0.455,5.87457812823552
0.456,5.59497676388702
0.457,5.94462519976083
0.458,5.66160584503594
0.459,5.67258915181322
0.46,5.82908112551746
0.461,5.73250214662491
0.462,5.76794201307267
0.463,5.91367302201069
0.464,6.00425560527705
0.465,5.75557703784178
0.466,5.86097626509904
0.467,5.7480443486752
0.468,5.8418801922291
0.469,5.88420870272957
0.47,5.67307638590462
0.471,NaN
0.472,5.9171272938082
0.473,5.81558533876347
0.474,6.1433010207417
0.475,5.67582237803884
0.476,5.65031516586893
0.477,5.44793663890833
0.478,5.9801865210184
0.479,5.97167614375542
0.48,5.78244281493101
0.481,5.978270450098
0.482,5.83546192470543
0.483,5.8570173718725
0.484,5.82157850868902
0.485,5.88710233774406
0.486,5.81955883648257
0.487,6.35679995303672
0.488,5.56609857207354
0.489,5.42866254214604
0.49,5.57146901935866
0.491,5.58101155487228
0.492,5.71302549213167
0.493,5.7661125878945
0.494,5.75615116989933
0.495,5.9081681931292
0.496,5.87779007613171
0.497,5.95021026662483
0.498,6.15563538854311
0.499,6.04460856250825
0.5,5.54334877907905
0.501,5.33420514890482
0.502,5.98037050207525
0.503,5.43283673294012
0.504,5.81328821765043
0.505,5.80699720315284
0.506,6.24529149753822
0.507,5.78596371274518
0.508,NaN
0.509,5.84684218063545
0.51,5.84876621867135
0.511,5.81353140056734
0.512,5.67771547609648
0.513,5.55481423143671
0.514,5.86252641990204
0.515,5.53053805264519
0.516,5.59255269647038
0.517,6.0651025219086
0.518,5.71494060108121
0.519,5.7705109078113
0.52,5.97838584852206
0.521,5.73823743204282
0.522,6.0039631475096
0.523,5.7288993058724
0.524,6.00028749306109
0.525,5.92340078397279
0.526,5.75472972589901
0.527,5.62398428684357
0.528,5.58828522704701
0.529,5.74266839843453
0.53,5.70882130056204
0.531,5.71447425880578
0.532,5.99266986062615
0.533,5.73616522079127
0.534,6.02417641447179
0.535,5.68884474086273
0.536,5.98940219401774
0.537,5.69015139023516
0.538,5.82962164258431
0.539,5.9881504053084
0.54,5.71089730605674
0.541,5.70571874444747
0.542,6.19372422702806
0.543,5.98291023448769
0.544,5.70596837181176
0.545,5.92180707364596
0.546,5.71964563465133
0.547,5.93247205408745
0.548,6.07409120947765
0.549,5.46963680156881
0.55,5.99592128627652
0.551,6.08134716732825
0.552,NaN
0.553,6.13818745100687
0.554,5.81959317895943
0.555,5.54066352399129
0.556,5.34895261185644
0.557,5.72052628706817
0.558,5.92946482450908
0.559,5.8497784091528
0.56,5.86855187864158
0.561,5.66993786610953
0.562,5.81367277423556
0.563,5.45664895271158
0.564,5.63186604218034
0.565,5.61961962924736
0.566,5.8868105010871
0.567,5.77951146004514
0.568,5.55070862519711
0.569,5.77937282643143
0.57,5.64277130202466
0.571,5.64684147320715
0.572,5.95245138246229
0.573,5.80173788522708
0.574,5.8581513780189
0.575,5.95468991436508
0.576,5.81335692512915
0.577,5.88687806906648
0.578,5.91269413241447
0.579,6.00960946193002
0.58,5.87003864635857
0.581,6.05668421755199
0.582,5.77812288707187
0.583,5.76338318298133
0.584,6.11257224192161
0.585,5.66970359221275
0.586,5.77040795060314
0.587,5.95427775720815
0.588,5.79958388379542
0.589,6.04991902656648
0.59,5.9750592564555
0.591,5.8258440352374
0.592,5.61127772355158
0.593,5.87943653627396
0.594,5.48884540935099
0.595,5.81352934695664
0.596,5.92557939643085
0.597,5.80574966013732
0.598,5.93831890606047
0.599,6.16939335183935
0.6,5.94563170277391
0.601,5.81344830459978
0.602,5.88760921727659
0.603,5.84357859407228
0.604,5.49473394329842
0.605,5.67358604312215
0.606,6.00098802510091
0.607,5.74650833020357
0.608,5.87087708420389
0.609,5.55225222564316
0.61,5.7656079636256
0.611,5.87190795070621
0.612,5.47868409515019
0.613,5.8196357258298
0.614,5.71287126570669
0.615,5.5604482714756
0.616,5.73995651620146
0.617,5.36730280738263
0.618,5.32006153633003
0.619,5.50935804835056
0.62,5.54571474461377
0.621,5.50828585625933
0.622,5.39687056476199
0.623,5.79865821874826
0.624,5.42122502141421
0.625,5.76114739585371
0.626,5.89555152716769
0.627,5.73672011539443
0.628,5.75480722990446
0.629,5.65956680595679
0.63,5.43766847833539
0.631,5.72443822045386
0.632,5.92435798043316
0.633,6.07882569874192
0.634,5.64411202143758
0.635,5.4036580740144
0.636,5.76135427504001
0.637,5.80229292797498
0.638,5.68059744669165
0.639,5.49514571025327
0.64,6.12872816188159
0.641,5.25088326935473
0.642,5.61971275833457
0.643,5.4562941223223
0.644,5.59229855132109
0.645,5.78199234442043
0.646,5.74492242431809
0.647,5.5740495036976
0.648,5.87047384466497
0.649,5.83842148733338
0.65,5.8422813962539
0.651,5.6265343647706
0.652,5.92022531115812
0.653,5.84149202183388
0.654,6.20993954370299
0.655,5.91970443187916
0.656,5.93721731181344
0.657,5.71524225740353
0.658,5.44577584756439
0.659,5.62800841206937
0.66,5.54948696073533
0.661,5.58703732406128
0.662,5.8096376758483
0.663,5.58602631244073
0.664,5.51712437663913
0.665,5.61303966722374
0.666,5.6614792075839
0.667,5.77426795029351
0.668,5.50061153433027
0.669,5.75333307651077
0.67,5.70419763779877
0.671,5.95218795485146
0.672,5.6433872276706
0.673,5.65782928522582
0.674,5.44915078177538
0.675,5.40505959484423
0.676,5.74289724915585
0.677,5.62957450731587
0.678,5.77889116001553
0.679,5.49827340383887
0.68,6.05716480647326
0.681,5.69855846982932
0.682,5.88216231921812
0.683,5.62600832225712
0.684,5.63752204372401
0.685,5.80665626866618
0.686,5.77841410117296
0.687,5.44182201877485
0.688,5.35793811657075
0.689,5.44350030761568
0.69,5.37850979510606
0.691,5.67216264466761
0.692,5.5765758929963
0.693,5.58379498029548
0.694,5.38376906158162
0.695,5.81043325968701
0.696,5.74095362288449
0.697,5.63369208490816
0.698,5.85439135514931
0.699,5.47389177166012
0.7,5.73015365410948
0.701,5.71542137858758
0.702,5.71409719190164
0.703,5.4969036665638
0.704,5.7066216376493
0.705,5.53677140020438
0.706,5.45894632153036
0.707,5.39606344006181
0.708,5.84275544681532
0.709,5.46447244893275
0.71,5.59754124104872
0.711,5.38885007864431
0.712,5.56960538571021
0.713,4.98106723435873
0.714,5.40852080256901
0.715,5.33905709397472
0.716,5.41987968771255
0.717,5.57853577248819
0.718,5.55453289208689
0.719,6.00688912933555
0.72,5.50205595055074
0.721,5.56479907816825
0.722,5.29933131137934
0.723,5.51610069239966
0.724,5.34235867809671
0.725,5.61438457723766
0.726,5.77730688573469
0.727,5.68589899722305
0.728,5.46327706190524
0.729,5.27563937110184
0.73,5.8920914927329
0.731,6.00843238571028
0.732,5.62085303627922
0.733,5.39709578300138
0.734,5.83294771305397
0.735,5.47317363234904
0.736,5.49604862124165
0.737,5.76558576403935
0.738,5.30956031675588
0.739,5.19354168493751
0.74,5.66731164197738
0.741,5.66159917201891
0.742,5.59875093572247
0.743,5.67732459260999
0.744,5.79269533914247
0.745,5.76859059588147
0.746,5.45903527233954
0.747,5.73298609648484
0.748,5.60387801613385
0.749,5.46635126995474
0.75,5.3270242667712
0.751,5.69329967093012
0.752,5.49139545597921
0.753,5.56961582596461
0.754,5.39994283475442
0.755,5.24662734231794
0.756,5.58923991570397
0.757,5.54068175020329
0.758,5.79109662216827
0.759,5.70980789130098
0.76,5.75829860057286
0.761,5.39602753677889
0.762,5.35669740355473
0.763,5.28829979540238
0.764,5.63986237110617
0.765,6.0962262363366
0.766,5.68206286861252
0.767,5.38006879570379
0.768,5.70013624484263
0.769,5.30526605112925
0.77,5.24415547397564
0.771,5.67065011296845
0.772,5.36968750056529
0.773,5.58656755129041
0.774,5.80277400785606
0.775,5.59978336581052
0.776,5.70357682613949
0.777,5.19456554997792
0.778,5.64610937136595
0.779,5.93957363392665
0.78,5.61816707448238
0.781,5.19982473117143
0.782,5.46542757056613
0.783,5.40411405259243
0.784,5.57875787158873
0.785,5.58260120069091
0.786,5.57932873449378
0.787,5.42350525620504
0.788,5.37443328246388
0.789,5.37439129785973
0.79,5.66103380973528
0.791,5.11773573610136
0.792,5.44488360622616
0.793,5.53842196644278
0.794,5.35178943093943
0.795,5.57578163726224
0.796,5.46406005644052
0.797,5.28864681411292
0.798,5.50655816305898
0.799,5.41862258310236
0.8,5.38825367228263
0.801,5.32592806111518
0.802,5.47844148045168
0.803,5.09488171629376
0.804,5.38239153884219
0.805,5.35129457731214
0.806,5.27556599961794
0.807,5.58642239777659
0.808,5.30696090758322
0.809,5.55986977801575
0.81,5.64483487919807
0.811,5.41621172353632
0.812,5.50106035753523
0.813,5.57131424361153
0.814,5.42512109349062
0.815,5.54739228315129
0.816,5.18460250846182
0.817,5.65709315435707
0.818,5.23498446588783
0.819,5.06501415782056
0.82,5.70556113825405
0.821,5.4139919377815
0.822,NaN
0.823,5.34962471506252
0.824,5.21602302534283
0.825,4.80340114391535
0.826,5.5411096736364
0.827,5.35636788546828
0.828,5.37208304565502
0.829,5.49051547461959
0.83,5.12336344049334
0.831,5.25917879828595
0.832,5.63236412962563
0.833,5.52029822686487
0.834,NaN
0.835,4.95571408631195
0.836,5.27993260928041
0.837,5.43479221705868
0.838,5.57827548724074
0.839,5.4063485308089
0.84,5.16094059497576
0.841,5.44443020582945
0.842,5.14652358942369
0.843,5.18658541082232
0.844,5.24581614246066
0.845,5.12846512160863
0.846,5.3179278364693
0.847,5.18990418736423
0.848,5.31052666097682
0.849,5.27294563859669
0.85,5.28123535684361
0.851,5.2602434707271
0.852,5.60536599540085
0.853,5.47851938141631
0.854,5.36602101584165
0.855,5.05856198979908
0.856,5.0245319600415
0.857,4.95447995635366
0.858,5.86620398671955
0.859,5.53737078926082
0.86,5.39201962719291
0.861,5.14349958579885
0.862,5.10679570555196
0.863,5.4433140718255
0.864,5.64451726181111
0.865,4.99054275461992
0.866,5.23703978781703
0.867,5.30776539158228
0.868,4.92392571305028
0.869,5.48827244306033
0.87,5.23478652901673
0.871,5.69784634714713
0.872,5.23491918702301
0.873,5.39262101381456
0.874,5.07998156019763
0.875,5.18117399076473
0.876,5.07007870643453
0.877,5.38001186458924
0.878,5.55953526546016
0.879,5.17810661582156
0.88,5.38177472046017
0.881,5.19128891340811
0.882,5.31024183602432
0.883,5.52672642496919
0.884,5.30918606624293
0.885,5.07541119560805
0.886,5.10900680837546
0.887,5.24409740876802
0.888,5.23738068253035
0.889,5.1001906447652
0.89,5.30712316291347
0.891,5.52193000662859
0.892,5.21602177813071
0.893,5.22297032175446
0.894,4.8212060425167
0.895,5.10423131360637
0.896,4.97810037103474
0.897,5.1771263768692
0.898,5.35710648574782
0.899,5.55425649242885
0.9,5.60691248588161
0.901,5.22144526035684
0.902,5.17838897832909
0.903,5.40353518164046
0.904,5.33566510302642
0.905,5.38828249218897
0.906,5.38848474252488
0.907,4.93436227412809
0.908,5.33608820189793
0.909,5.20729745634645
0.91,5.07114240943967
0.911,5.0820592174903
0.912,5.47465309894653
0.913,5.05399511341525
0.914,4.96615792089173
0.915,5.25403572959865
0.916,5.61082755853864
0.917,5.21135679725371
0.918,5.26547646779608
0.919,5.01373579680924
0.92,5.53379510008771
0.921,5.22151425172295
0.922,5.30009963594646
0.923,5.00122659215324
0.924,5.36000776126308
0.925,5.26458543798828
0.926,4.95311132435093
0.927,5.18981299791517
0.928,5.08929688801799
0.929,5.19881606256533
0.93,5.124404024628
0.931,5.13408065868396
0.932,4.96302298507748
0.933,5.10249032803805
0.934,5.31799545783699
0.935,5.51116447221902
0.936,4.92766399917757
0.937,5.63278692616917
0.938,5.4600551669421
0.939,NaN
0.94,5.08966374580384
0.941,5.00770470470883
0.942,5.31151872605731
0.943,5.00357118136681
0.944,5.0476418485534
0.945,5.31426670756769
0.946,5.22225559220293
0.947,5.31193837087339
0.948,5.23105613774489
0.949,5.04744985481562
0.95,5.02237796961234
0.951,5.28193814623635
0.952,4.98594243849514
0.953,5.35502693804419
0.954,5.27334902018252
0.955,5.1702652844848
0.956,5.11087745546033
0.957,5.18086582909231
0.958,5.8105870509416
0.959,5.08027221165784
0.96,4.78894779986379
0.961,5.48079309904327
0.962,5.21724693872356
0.963,4.96319955122884
0.964,5.61375209030893
0.965,5.19797753302192
0.966,5.14412966030955
0.967,4.92722079654966
0.968,4.86730335266296
0.969,4.72410558867571
0.97,4.99070274347512
0.971,4.86216367728482
0.972,5.19983200623494
0.973,5.00425142001096
0.974,5.41907080309184
0.975,5.36488375562083
0.976,5.09306350780384
0.977,5.00120227460525
0.978,5.2856811821612
0.979,4.82343895193776
0.98,5.18497215493181
0.981,4.91390125803759
0.982,4.96515028745869
0.983,4.9083448663632
0.984,5.15532125786045
0.985,4.88206645748355
0.986,4.82246225407736
0.987,5.14325914184021
0.988,4.94546637856865
0.989,5.09995794606919
0.99,4.95475075887328
0.991,5.07652459501083
0.992,4.50721420513045
0.993,5.11076432648977
0.994,5.3857909402711
0.995,5.2204237218189
0.996,5.19223214779838
0.997,4.95959345342625
0.998,5.04122613113094
0.999,5.05136317935137
1,5.01927857690794
1.001,4.83139303048744
1.002,4.9245230476951
1.003,4.95750528134467
1.004,4.89381648419712
1.005,5.15480148843408
1.006,5.49259111650548
1.007,4.71774164882992
1.008,5.00556397631399
1.009,4.68890771591155
1.01,5.23537303465893
1.011,5.25434178690423
1.012,4.63733925979244
1.013,5.35607341409562
1.014,4.74788581489819
1.015,5.00767863443657
1.016,5.17959038595313
1.017,4.98673239868744
1.018,5.41391833501695
1.019,5.50278771840696
1.02,4.97743112933966
1.021,4.56584627996427
1.022,4.87175338075378
1.023,4.77262298017875
1.024,4.78678788267343
1.025,4.71169376051034
1.026,4.95036528976214
1.027,5.3535488734275
1.028,4.78654956413264
1.029,4.87111270452885
1.03,5.15800835024839
1.031,5.16477588861493
1.032,5.01681882553062
1.033,5.12241374103886
1.034,5.08885628079653
1.035,4.83586097542538
1.036,4.99549349752181
1.037,4.84739202014825
1.038,4.7247485679242
1.039,5.0291764522995
1.04,4.91322413131427
1.041,4.85981634687148
1.042,4.95309400372665
1.043,5.08979654678462
1.044,4.9683546814278
1.045,4.92618928925514
1.046,4.94074836525467
1.047,4.89254893289798
1.048,4.72492627991551
1.049,5.03469171509101
1.05,5.15663381816652
1.051,4.76555100132284
1.052,5.25544195380643
1.053,4.83216159228598
1.054,4.81618317173252
1.055,4.68293658803448
1.056,4.70151417979837
1.057,4.66691282959796
1.058,4.92581647994558
1.059,5.17196970593236
1.06,4.95558899855981
1.061,5.01846739524542
1.062,5.1135297299685
1.063,4.34278875592172
1.064,4.80672015115453
1.065,4.90837322662022
1.066,4.97876065808213
1.067,4.57188095993175
1.068,4.62922052171354
1.069,4.98607570433577
1.07,4.802171141151
1.071,4.93365150334346
1.072,4.62845443029667
1.073,4.49137454832413
1.074,4.96792851503209
1.075,5.05190513925589
1.076,5.1372122455652
1.077,4.50192184257331
1.078,4.53855013441963
1.079,4.50871408344435
1.08,4.79271547540883
1.081,4.67551329403952
1.082,5.05901438120846
1.083,4.5027407729323
1.084,4.44285695084856
1.085,4.82996249668614
1.086,5.02506448824884
1.087,4.62349274477041
1.088,4.52851116713855
1.089,4.74935542324429
1.09,4.44951777951784
1.091,4.77786360848863
1.092,4.93766204322224
1.093,4.81312436086448
1.094,4.38532208628484
1.095,4.65740337555666
1.096,4.7019602750491
1.097,5.12268450118785
1.098,4.940542134862
1.099,4.7437617430663
1.1,5.01465882006593
1.101,4.54145019296734
1.102,4.6783574222087
1.103,5.02813892507993
1.104,5.04372169787079
1.105,4.88694126434894
1.106,4.83664003065672
1.107,4.61889044019764
1.108,4.88272429446647
1.109,4.5657446945248
1.11,4.84391381013365
1.111,4.78301459021587
1.112,4.95214691526649
1.113,4.63675416130883
1.114,4.84680052212759
1.115,4.87585574125451
1.116,4.53519507420925
1.117,4.7437726520508
1.118,5.02963048889188
1.119,4.73032653260548
1.12,4.64377537094285
1.121,4.79449695363339
1.122,4.64581246929623
1.123,4.78713191342703
1.124,4.66922369823799
1.125,4.69018760816019
1.126,4.78369069117953
1.127,4.96167849556337
1.128,4.77727598000638
1.129,NaN
1.13,4.27660929532162
1.131,4.59012532792121
1.132,4.72487349177146
1.133,4.50834160111038
1.134,4.41788970752928
1.135,4.79419552937203
1.136,4.79103983594683
1.137,4.72409006012956
1.138,4.74299464174425
1.139,4.48753975392036
1.14,4.5598388911071
1.141,4.63576980956867
1.142,4.51726933636966
1.143,4.71894573596444
1.144,5.12335233519904
1.145,4.55160252042132
1.146,4.77528305650903
1.147,4.43665671865165
1.148,4.9092043467088
1.149,4.44522066128076
1.15,4.6785507204628
1.151,4.51085138146045
1.152,4.7347392402501
1.153,4.63237663338737
1.154,4.61908141228469
1.155,5.21547465685466
1.156,4.49742761556226
1.157,4.61184539656251
1.158,5.15561453921999
1.159,4.38746322064838
1.16,4.72519680981188
1.161,4.39710488550598
1.162,4.81632781623709
1.163,4.67351304117985
1.164,4.73624308901535
1.165,4.54786084197651
1.166,NaN
1.167,4.89377739547575
1.168,4.14208113022191
1.169,4.26827400913325
1.17,4.67586065479545
1.171,4.45965182953692
1.172,4.52917870989348
1.173,4.28691143259996
1.174,4.40317923643789
1.175,4.501164839221
1.176,4.43470066282117
1.177,4.40442658537202
1.178,4.49122169646622
1.179,4.38492943855413
1.18,4.83971530746839
1.181,4.3715317128797
1.182,4.93069153582719
1.183,4.49010429247537
1.184,4.27253637862911
1.185,4.437045384088
1.186,4.74558349595637
1.187,4.76777506830919
1.188,4.58654496215918
1.189,4.6098942575669
1.19,4.67691441312654
1.191,4.25644846613042
1.192,4.42984289560516
1.193,4.17808745600177
1.194,4.45223368355444
1.195,4.72985073908564
1.196,4.68143011915114
1.197,4.99345815762067
1.198,4.56719314893508
1.199,4.10050924643964
1.2,4.86765165965135
1.201,4.78419698993348
1.202,4.4091883510017
1.203,4.56821582436004
1.204,4.67756630812646
1.205,4.59660525125644
1.206,4.65692975122544
1.207,4.49311056226044
1.208,4.50589102165871
1.209,4.5292803754373
1.21,4.35174316243435
1.211,4.79228302761649
1.212,4.50697864635366
1.213,4.64103476318554
1.214,4.33078304887984
1.215,4.28475881143582
1.216,4.47965346072871
1.217,4.44533853646391
1.218,4.73290863419633
1.219,4.61321257432984
1.22,4.59816369403347
1.221,4.19913893299608
1.222,4.29265911591728
1.223,4.52468427674143
1.224,4.41277963612742
1.225,4.73845915936693
1.226,4.74676378353528
1.227,4.36047008697122
1.228,4.64975851579597
1.229,4.75192832751958
1.23,4.5351475521317
1.231,4.793744378538
1.232,4.67967716787434
1.233,4.50813943147268
1.234,4.63881217916382
1.235,4.5004713914504
1.236,4.37675532154965
1.237,4.52957459690295
1.238,4.46328183063089
1.239,4.38127087909466
1.24,4.8065662286607
1.241,4.49478753630758
1.242,4.99478447026373
1.243,4.3876573481664
1.244,4.55793646573675
1.245,4.75979389533559
1.246,4.9873136894473
1.247,4.50038393554116
1.248,4.27982832844134
1.249,4.59677056334744
1.25,4.17033403457902
1.251,4.37777106441687
1.252,4.48514484255309
1.253,4.72691901973608
1.254,4.7146791185405
1.255,4.41998668247735
1.256,4.60853904311498
1.257,4.35775620172416
1.258,NaN
1.259,4.80160721531831
1.26,4.4481770200263
1.261,4.3550002326273
1.262,4.31338876752798
1.263,4.55498398748948
1.264,4.67744725152191
1.265,4.8334311133885
1.266,4.41741573869653
1.267,4.43753107976081
1.268,4.27670573556666
1.269,4.72397445942036
1.27,4.38482139945822
1.271,4.30360462168244
1.272,4.83344705278256
1.273,4.55692791705341
1.274,4.53657902862448
1.275,4.19056100062725
1.276,4.47684331383729
1.277,4.49245149338651
1.278,4.16835669108419
1.279,4.34003557586423
1.28,4.30260505046953
1.281,4.4875622721417
1.282,4.17900497901798
1.283,4.59661614397121
1.284,4.73420510107066
1.285,4.31490477010541
1.286,4.37234802523998
1.287,4.4738522117603
1.288,4.61161965202775
1.289,4.47382305634739
1.29,4.44728520855886
1.291,4.26977654053622
1.292,4.31850824218451
1.293,4.48595996512188
1.294,4.69833455563555
1.295,4.47393098797823
1.296,4.11754056125352
1.297,4.44385895770295
1.298,4.33732954173115
1.299,NaN
1.3,4.30894867189071
1.301,4.17535899205637
1.302,4.28568380343571
1.303,4.19150035959247
1.304,4.27393609383844
1.305,4.36893434053869
1.306,4.37890625029393
1.307,4.29947159048769
1.308,4.31065162597233
1.309,4.34648911701831
1.31,4.42999198168031
1.311,4.59325238265235
1.312,4.459541290955
1.313,4.27679220843538
1.314,4.45234039595971
1.315,4.28224757583476
1.316,NaN
1.317,3.8591597920891
1.318,3.98452527439699
1.319,4.27846221807823
1.32,4.200612496632
1.321,4.17916223953427
1.322,4.32998908585837
1.323,4.18873139407263
1.324,4.19310140799855
1.325,4.43981288675298
1.326,4.47304504874033
1.327,4.80259185747825
1.328,4.37446015835262
1.329,4.32435310575831
1.33,4.1965795859181
1.331,4.27108793774394
1.332,4.29875501074062
1.333,3.95644392765187
1.334,4.25487191435202
1.335,4.45500316552367
1.336,4.18970013446443
1.337,4.40146474995982
1.338,4.49967812391711
1.339,4.51559691522007
1.34,4.45432301560631
1.341,3.8457792681249
1.342,4.18367161362147
1.343,4.47565179508018
1.344,4.3731021251657
1.345,4.29395838067283
1.346,4.37919867653967
1.347,4.51666393943889
1.348,4.32024498916731
1.349,4.13661386754866
1.35,4.25116216122465
1.351,4.24449938027943
1.352,4.46427591826576
1.353,4.36626502174826
1.354,4.3921911080177
1.355,4.3111449481013
1.356,4.20802236767419
1.357,4.2916090185198
1.358,4.32163394260951
1.359,3.99758754583002
1.36,4.31191243262444
1.361,4.46058867546409
1.362,4.25197687322529
1.363,4.58743982986977
1.364,4.38401334625123
1.365,4.18680845756615
1.366,4.23905765214404
1.367,4.21378356909644
1.368,4.31603115285908
1.369,4.41773534122341
1.37,4.20741431949583
1.371,4.3564908587207
1.372,4.61487224845619
1.373,4.44913264565111
1.374,4.42691469638988
1.375,4.09793494720152
1.376,4.1530973987355
1.377,4.30749773099721
1.378,4.23791428751786
1.379,3.93209798839154
1.38,3.95329418082897
1.381,4.46049516401689
1.382,4.10271761484165
1.383,4.66910525171545
1.384,3.80813952499265
1.385,4.34139750303935
1.386,4.25088531368287
1.387,4.09863493873928
1.388,4.32987787910384
1.389,4.08937986407459
1.39,4.41925202398321
1.391,4.25982160155637
1.392,3.91773009254614
1.393,3.75982484601272
1.394,4.1871835545956
1.395,4.47229297273169
1.396,4.27855521391338
1.397,4.2523685227617
1.398,4.37827381486272
1.399,3.96125372432248
1.4,4.52422793420128
1.401,4.05961166687169
1.402,4.24516946677706
1.403,4.16414482190825
1.404,4.2660196606948
1.405,3.84646196692886
1.406,4.53940933766024
1.407,4.3430647168466
1.408,4.63516806769044
1.409,4.51580415468838
1.41,4.23406118456935
1.411,4.04325779835281
1.412,3.88259618512824
1.413,4.23308985306694
1.414,4.2728528760847
1.415,4.43751818726098
1.416,4.0374981581394
1.417,4.38600241954696
1.418,4.24068477176753
1.419,4.07102493928243
1.42,4.37996583981632
1.421,4.27764321367286
1.422,4.17687761662326
1.423,4.59875128033686
1.424,4.3445424941565
1.425,4.20004928788123
1.426,4.27701268552991
1.427,4.23835518491277
1.428,4.25509711205822
1.429,4.31053692674684
1.43,4.09856298425134
1.431,4.05931740474977
1.432,4.29031528064418
1.433,4.59467486360372
1.434,4.15577091040906
1.435,4.01407695931531
1.436,4.16840685649639
1.437,4.11881493904537
1.438,4.14965868170767
1.439,4.3097486139597
1.44,4.18816922118858
1.441,4.09483248116256
1.442,4.12449045398273
1.443,3.94828636993052
1.444,4.04044429913223
1.445,3.92931230458097
1.446,4.10828714380842
1.447,NaN
1.448,4.06921952648152
1.449,4.14991547965318
1.45,NaN
1.451,4.20558761146323
1.452,4.27715271704754
1.453,4.01605875334262
1.454,4.43112362231399
1.455,3.89075998862193
1.456,4.12927192763759
1.457,3.91035122082611
1.458,4.13802846151002
1.459,3.94184397076556
1.46,4.09134124878142
1.461,4.05785581388069
1.462,3.96869354144643
1.463,3.79242650546999
1.464,4.31812291403456
1.465,4.60485970895446
1.466,4.64922491172918
1.467,4.10585983323015
1.468,4.19483859951588
1.469,4.11064147706794
1.47,4.21873991474267
1.471,4.01956391020393
1.472,3.81919980672081
1.473,4.19558762288226
1.474,3.95764211408569
1.475,3.82197926945464
1.476,4.67712258995851
1.477,4.15541835706257
1.478,4.28268614276949
1.479,4.44023408670168
1.48,3.86462684754918
1.481,4.28405445376742
1.482,4.30162780377062
1.483,4.21775352413724
1.484,4.23257004510986
1.485,4.09529959717052
1.486,4.34538579222326
1.487,4.03067876211117
1.488,4.04129161172089
1.489,4.34554515554162
1.49,4.53770364710373
1.491,4.12304091998034
1.492,4.09923696584287
1.493,4.28180821537546
1.494,4.41461334646763
1.495,4.39369527224423
1.496,4.25409227118748
1.497,4.07315422319508
1.498,4.32596842738076
1.499,4.1841571970482
1.5,4.47538983312246
1.501,3.91836144985186
1.502,4.22826212797664
1.503,4.45797940930091
1.504,4.10107590490509
1.505,4.07513370354535
1.506,4.01341525928933
1.507,4.14444845368917
1.508,4.16014765669482
1.509,4.22766798653505
1.51,4.02372497998439
1.511,4.21698522586087
1.512,4.07979344227664
1.513,4.12692143969416
1.514,4.03313956774286
1.515,4.14439309174878
1.516,4.91498399009005
1.517,4.88264712838168
1.518,4.43066233187785
1.519,4.35887625438025
1.52,3.9459511434192
1.521,4.0848217465778
1.522,4.07802886206434
1.523,4.30914770898304
1.524,4.29887029037015
1.525,4.22416114970957
1.526,4.13461031243925
1.527,4.01770656750597
1.528,4.20415745064443
1.529,4.43114773722601
1.53,4.28902267782592
1.531,4.23999730809699
1.532,4.33553513415662
1.533,4.32114447159198
1.534,3.88126910858647
1.535,4.20858610604805
1.536,4.11991879992476
1.537,3.79859305973325
1.538,3.93998340597687
1.539,4.14202003563031
1.54,4.3713943318594
1.541,4.16076859005775
1.542,4.25940405780338
1.543,4.02769255647757
1.544,3.77617031823071
1.545,4.22676442512455
1.546,4.01810281214757
1.547,4.4432229358703
1.548,4.55609777748363
1.549,4.13512085564161
1.55,4.44842215326068
1.551,4.40097599404693
1.552,3.92764233763355
1.553,4.20439262740728
1.554,4.26370787658871
1.555,4.31651144594357
1.556,4.34770590092928
1.557,4.34767143099786
1.558,4.34892362788341
1.559,4.1511871936013
1.56,4.29001895254432
1.561,3.76406537018601
1.562,3.98145744671669
1.563,4.45601102563969
1.564,4.08396823986332
1.565,4.28213355951147
1.566,4.51876069236874
1.567,4.03987473656318
1.568,4.02632857504473
1.569,4.120178329498
1.57,4.30747790628392
1.571,4.1788658464119
1.572,4.02481711602558
1.573,3.90635668452662
1.574,4.14746887811067
1.575,4.17787497043872
1.576,4.11565204924088
1.577,4.17089840073393
1.578,4.00481573907594
1.579,4.3343589680426
1.58,3.79020935783782
1.581,4.25468525002813
1.582,4.36020549685051
1.583,4.05727710302304
1.584,4.21627666509479
1.585,4.28671131810452
1.586,4.10609734934146
1.587,4.22696702103972
1.588,4.31280056196085
1.589,4.0436377434966
1.59,4.39879645873993
1.591,4.4513777146987
1.592,4.29741871537987
1.593,4.23692525094271
1.594,4.00173185050962
1.595,4.3343337376458
1.596,3.99293856723784
1.597,4.5550162748978
1.598,4.34291153650533
1.599,4.29134561679618
1.6,4.16043520884799
1.601,3.80467317705213
1.602,4.00159219760265
1.603,4.31458415553914
1.604,4.72480996743833
1.605,4.39118115705384
1.606,4.30589881757763
1.607,4.1363773920645
1.608,4.27006420811341
1.609,4.43890362598698
1.61,4.19650041617197
1.611,4.62650163698367
1.612,4.00496208643137
1.613,4.17463537176448
1.614,4.26124592035689
1.615,3.8608580352144
1.616,4.36562096026675
1.617,4.26899518637294
1.618,4.2704833475587
1.619,4.41419884739394
1.62,4.46491659858514
1.621,4.41754460789269
1.622,4.16427900436515
1.623,4.24966892431943
1.624,4.33062884148892
1.625,4.00953626135411
1.626,4.054655520528
1.627,4.17744198979009
1.628,4.27934825799371
1.629,4.62298783451738
1.63,4.4252489265342
1.631,4.17829791430954
1.632,4.1419888436003
1.633,4.57558254204597
1.634,4.81655480633985
1.635,4.30436519418865
1.636,4.17614219033147
1.637,NaN
1.638,4.4690100713809
1.639,4.33301562866668
1.64,4.50922000824561
1.641,4.0954709051898
1.642,4.32640783995133
1.643,4.14857149247736
1.644,4.53546670640825
1.645,4.17133981720432
1.646,4.26520539691545
1.647,4.2142394176882
1.648,4.48371936751011
1.649,4.37174453210579
1.65,4.08635772461691
1.651,4.16180172356471
1.652,4.08034884270418
1.653,4.39179079733131
1.654,4.35820569521339
1.655,3.96590499139142
1.656,3.9127989777888
1.657,4.2872737638531
1.658,4.43598561777684
1.659,4.33150785352884
1.66,3.99019539081866
1.661,3.9898084137049
1.662,4.47480559687594
1.663,4.27354347668451
1.664,4.22660466350098
1.665,4.56833561092201
1.666,4.14705059374963
1.667,4.3346872101747
1.668,4.39242255228745
1.669,4.4741063471469
1.67,4.14053570257284
1.671,4.38415285261761
1.672,4.86367198622012
1.673,4.01267958715745
1.674,4.40337386119528
1.675,4.27193432182392
1.676,4.15378713930443
1.677,4.15413115671066
1.678,4.42143755124859
1.679,4.78631953613463
1.68,4.16577251926788
1.681,4.43407958412805
1.682,4.21543206273914
1.683,4.72392084954343
1.684,4.43890964302417
1.685,4.3037729993498
1.686,4.4567123802596
1.687,4.33301042423849
1.688,4.55696312972819
1.689,4.29980811678876
1.69,4.11405197807797
1.691,4.38904137632542
1.692,4.6533813679343
1.693,4.10327853018378
1.694,4.2955692569412
1.695,4.54644585874848
1.696,3.96290343840078
1.697,4.47347257423575
1.698,4.50043675201004
1.699,4.39400907203864
1.7,4.19873958992633
1.701,4.35283993089713
1.702,4.37439099638659
1.703,4.54429712138844
1.704,4.49144999646962
1.705,4.29020573986329
1.706,4.68573993624014
1.707,4.35311630335887
1.708,4.20226826692841
1.709,4.27865472166064
1.71,4.53959798902655
1.711,4.40846269745532
1.712,4.54874168506725
1.713,4.38636957066112
1.714,4.8714516155982
1.715,4.04252705055304
1.716,4.29404456977598
1.717,4.36196586855616
1.718,4.39824794134251
1.719,4.67321986915278
1.72,4.42748010950698
1.721,4.36221901584087
1.722,4.40052608844914
1.723,4.53872174625555
1.724,4.25216057960621
1.725,4.48183794442486
1.726,4.08030553619768
1.727,4.37919251106634
1.728,4.20824050159891
1.729,4.26767974918547
1.73,4.45641699227903
1.731,4.17656035228022
1.732,4.20545226623202
1.733,4.10175214394459
1.734,3.96090448643438
1.735,4.37799078835645
1.736,4.64253837923473
1.737,4.37530245414412
1.738,4.36660501495576
1.739,4.20576071023943
1.74,4.73348887362028
1.741,4.36866574330556
1.742,4.67908129752137
1.743,4.49440831330138
1.744,4.37114227834894
1.745,4.64192785217276
1.746,4.62373762962111
1.747,4.40671952532109
1.748,4.68996161533046
1.749,4.7887992206429
1.75,4.42119159990295
1.751,4.38495834377213
1.752,4.51880765556881
1.753,4.51002243003837
1.754,4.60296987684688
1.755,4.39215166426459
1.756,4.58810001110689
1.757,4.65660988740855
1.758,4.48421866429343
1.759,4.48119245973007
1.76,4.20149741959377
1.761,4.21963694105071
1.762,4.16374893400651
1.763,4.20902525260264
1.764,4.42871387843623
1.765,4.13860722649186
1.766,4.91266456872759
1.767,4.61317461032771
1.768,4.05366143352594
1.769,4.23815777057317
1.77,4.4495121321156
1.771,4.13026253282725
1.772,4.38275248697236
1.773,4.6948296455259
1.774,4.44575696840795
1.775,4.46699346728699
1.776,4.28203673954752
1.777,4.373141719671
1.778,4.21588660895433
1.779,4.56096908138602
1.78,4.39961928720534
1.781,4.6486730264342
1.782,4.74139120004545
1.783,4.7113325393384
1.784,4.49087868624669
1.785,4.3990084081389
1.786,4.25696598064775
1.787,4.52744041017626
1.788,4.69760700967481
1.789,4.43950481613785
1.79,4.47501069088079
1.791,4.63492275114969
1.792,4.68643963576185
1.793,4.23227084069995
1.794,4.55764675837179
1.795,4.55882919030325
1.796,4.49144953296635
1.797,4.7022497608402
1.798,4.45287650625443
1.799,4.36250310280289
1.8,4.58497405921978
1.801,4.62376685697413
1.802,4.49034628218809
1.803,4.6951170299728
1.804,4.23433732368502
1.805,4.32501239188819
1.806,3.92762115272992
1.807,4.6483987581476
1.808,4.34798011540348
1.809,4.49763169244647
1.81,4.75218635019009
1.811,4.56261660413771
1.812,4.46641294860729
1.813,4.38689533474978
1.814,4.51060913564649
1.815,4.6813676328338
1.816,4.25963379240732
1.817,4.55132191332068
1.818,4.72358157134045
1.819,4.2850734707237
1.82,4.70521159018141
1.821,4.71011003095513
1.822,4.39916380790922
1.823,4.27682183934797
1.824,4.66648817580016
1.825,4.74365229091474
1.826,4.69993372306782
1.827,4.73886503305091
1.828,4.35202296618572
1.829,4.70737513792937
1.83,4.47676493102291
1.831,4.48265871627902
1.832,4.28592214231963
1.833,4.81931639097048
1.834,4.63646357610864
1.835,4.80435532732069
1.836,4.90801976161716
1.837,4.38055927262146
1.838,4.73880357805201
1.839,4.60984455851327
1.84,4.7974490057205
1.841,4.838340273091
1.842,4.78310372935891
1.843,4.45769891001916
1.844,4.59813981004669
1.845,4.67848472974927
1.846,5.2595847521241
1.847,4.87542924486955
1.848,5.0964631757735
1.849,4.71746962466036
1.85,4.67917391356442
1.851,4.76168211078703
1.852,4.53573803496474
1.853,4.89186191236899
1.854,4.61426727860637
1.855,4.37332830719655
1.856,4.82447501762284
1.857,4.33886290013992
1.858,4.28598458427212
1.859,4.71478613492063
1.86,4.4691943412453
1.861,4.47950590351816
1.862,4.63154158321004
1.863,4.5684334759268
1.864,4.62394313361827
1.865,4.72520181240352
1.866,4.43937456144483
1.867,4.4305293324812
1.868,4.25777911150394
1.869,4.60192816419828
1.87,4.81513803904398
1.871,4.5441370190896
1.872,4.78716657339193
1.873,4.79727815183446
1.874,4.88968300348448
1.875,4.89172887744833
1.876,4.55840848699893
1.877,4.52713567035016
1.878,4.71051063894171
1.879,4.57019435123684
1.88,4.99604875005022
1.881,4.98380774091562
1.882,4.7292069904303
1.883,4.6270982703985
1.884,4.81703205899772
1.885,4.5859654001005
1.886,4.69456918865726
1.887,4.61583439036172
1.888,4.74540294131377
1.889,4.95231639501229
1.89,4.87750527202289
1.891,4.96009631938972
1.892,4.55080151537052
1.893,4.7720760024978
1.894,4.54182001223587
1.895,NaN
1.896,4.80838463860217
1.897,5.00488876664601
1.898,4.96785668097416
1.899,4.8810419723991
1.9,4.65177172704576
1.901,4.65997912485252
1.902,4.34725949992753
1.903,4.67030716741909
1.904,4.45212742776618
1.905,4.95073289550805
1.906,4.94755906090918
1.907,4.79723418099893
1.908,4.69630303832371
1.909,NaN
1.91,5.09781484845265
1.911,5.04904490473927
1.912,4.69195002931595
1.913,4.81773962861594
1.914,4.56237906954115
1.915,4.86904774154032
1.916,4.93913932390868
1.917,4.97376303035468
1.918,4.48993976502148
1.919,4.8995389184385
1.92,4.62820516108033
1.921,4.72817239264864
1.922,4.96352269637303
1.923,4.86800089146585
1.924,4.77805243502005
1.925,4.93459021802217
1.926,5.14258819444071
1.927,4.69343628261935
1.928,4.55056335805185
1.929,4.59058532995879
1.93,4.63662956659646
1.931,4.69369682241152
1.932,4.94573054603472
1.933,4.41569727012566
1.934,4.8825026896997
1.935,4.68208589371474
1.936,5.06014440466755
1.937,4.67158258518046
1.938,4.84667195027194
1.939,4.66010978125463
1.94,4.71378301182958
1.941,4.80053655507192
1.942,4.80927631623653
1.943,4.75254516899065
1.944,5.08564525577085
1.945,4.9724845696809
1.946,5.23596271636966
1.947,4.81195134283138
1.948,NaN
1.949,4.45252294788314
1.95,5.00254918185149
1.951,4.95162846434185
1.952,4.80498366872057
1.953,5.02137453575934
1.954,NaN
1.955,5.09400014416727
1.956,4.97372603152622
1.957,5.01247145397853
1.958,4.75994484998276
1.959,4.67820476445928
1.96,4.84621006801139
1.961,4.93953743442835
1.962,5.09491120629012
1.963,4.74911437677352
1.964,4.81181929571472
1.965,5.50710732524756
1.966,4.79019400520549
1.967,5.30127104182219
1.968,5.11194041346929
1.969,4.81065097193726
1.97,4.90340231903206
1.971,4.88418358757657
1.972,5.0244169811791
1.973,5.20535113396484
1.974,4.60716676753165
1.975,5.34197849641112
1.976,5.09529641269533
1.977,4.83246459784775
1.978,4.91954970740519
1.979,5.00717560309888
1.98,5.00900182117839
1.981,5.19243272639754
1.982,5.17281973776133
1.983,4.8855540031238
1.984,4.93381901935813
1.985,5.10906234418745
1.986,4.98889181940908
1.987,5.19460277535484
1.988,4.83249323012021
1.989,5.06669605958898
1.99,5.03253988582868
1.991,5.25575451359314
1.992,4.71079552161311
1.993,4.98255798036434
1.994,4.99562020974243
1.995,4.51905310736821
1.996,5.23956619700415
1.997,5.5543066599665
1.998,4.94853651247243
1.999,5.05489315938997
2,4.90707910202133
2.001,5.07937682533116
2.002,4.92906101050178
2.003,4.98718406523742
2.004,5.33368306024731
2.005,4.84311987731948
2.006,4.89990211642976
2.007,5.00240887520029
2.008,4.99360975791912
2.009,5.31047838664358
2.01,5.43138119026745
2.011,4.83200019108953
2.012,4.90194741253747
2.013,5.13675861548602
2.014,4.95903449542349
2.015,5.43625554881639
2.016,5.36736950417371
2.017,5.15450913007291
2.018,5.15794234446702
2.019,4.98004453284728
2.02,NaN
2.021,5.27822894756856
2.022,5.08356225402414
2.023,5.44338183810032
2.024,5.19438902633301
2.025,5.04074502918239
2.026,5.13946494085691
2.027,5.28709599638333
2.028,4.99064833580958
2.029,5.05569165286515
2.03,5.54994413288542
2.031,4.98300419115087
2.032,5.26955754356462
2.033,5.24642187137373
2.034,5.40308310030797
2.035,5.19298984831525
2.036,4.59724559736637
2.037,4.92227628733426
2.038,5.19762481062799
2.039,5.14932762222679
2.04,5.49275606585178
2.041,5.38402252594529
2.042,5.20461823365874
2.043,5.12430850405283
2.044,4.80053665955242
2.045,5.48535291217611
2.046,5.14201395040558
2.047,4.80849461470567
2.048,5.20683695053493
2.049,5.14325547098706
2.05,5.01107835205686
2.051,5.22624171325754
2.052,4.98860708945431
2.053,4.86298389106832
2.054,4.78420644958295
2.055,5.06478148929405
2.056,5.014599646055
2.057,5.23052228275418
2.058,4.84443638511988
2.059,5.10578846997987
2.06,NaN
2.061,5.51432122951992
2.062,5.13144506089031
2.063,5.40254635272635
2.064,5.25875661330434
2.065,5.34394880715675
2.066,4.93384632006219
2.067,5.4186598158082
2.068,5.46011217128549
2.069,4.75669869258107
2.07,5.13921699230392
2.071,5.04655003593705
2.072,5.21072336949803
2.073,5.01181981365585
2.074,5.2401207250829
2.075,5.30617503718594
2.076,5.23814253918025
2.077,5.16797093461852
2.078,4.93619780824729
2.079,5.20802934529971
2.08,5.09476533227739
2.081,4.94557986057887
2.082,5.19257113424669
2.083,5.16430985393681
2.084,5.2470935167358
2.085,5.40956489777049
2.086,5.32877043021204
2.087,5.47709938988003
2.088,5.07250038204076
2.089,5.04786336860335
2.09,5.20420868655007
2.091,5.50224804383372
2.092,5.48875168468187
2.093,5.20526087270061
2.094,NaN
2.095,4.93110299506327
2.096,5.37200158539433
2.097,NaN
2.098,5.00687049845543
2.099,5.17790648093085
2.1,4.88132255377838
2.101,5.33560055674117
2.102,5.21719052326151
2.103,5.58062179092382
2.104,4.98486928355966
2.105,5.45323527095237
2.106,5.29023838582141
2.107,5.28040505011874
2.108,5.40958843852998
2.109,5.5073210839151
2.11,5.05677795244702
2.111,5.53713412817569
2.112,5.03371371030069
2.113,5.06324928922216
2.114,5.14591543978442
2.115,5.4300723113385
2.116,5.07113736441054
2.117,5.35441934070994
2.118,5.37219681241467
2.119,5.32298544702015
2.12,5.40541378168181
2.121,5.06226583049841
2.122,5.50068470178268
2.123,5.32420086435177
2.124,5.4498334499063
2.125,5.1094443897883
2.126,5.31887350516553
2.127,5.48630447182404
2.128,5.51592714165819
2.129,5.298540497317
2.13,4.94701199723858
2.131,5.10065916781795
2.132,5.36605067407596
2.133,5.48347297627702
2.134,5.41954409877538
2.135,5.20668548204001
2.136,5.78038042692249
2.137,5.34825569260128
2.138,5.50917146198999
2.139,5.2552083843491
2.14,5.11763581206681
2.141,5.47994631260669
2.142,5.55269947960066
2.143,5.71187274511805
2.144,5.2438949147054
2.145,5.02635798928561
2.146,5.67766707117268
2.147,5.40928568628457
2.148,5.13327733574019
2.149,5.24911609574643
2.15,5.20142336848417
2.151,5.59763080458675
2.152,5.4860849423265
2.153,5.4184437337297
2.154,5.42021635939784
2.155,5.21004377163905
2.156,5.57518557097491
2.157,5.44805766843347
2.158,5.32876385746104
2.159,5.34625606109821
2.16,5.36505593936562
2.161,5.21019480390991
2.162,5.53807552004134
2.163,5.67043449549297
2.164,5.88896193111389
2.165,5.4971507832841
2.166,5.23405197350548
2.167,5.44092167441784
2.168,5.20148805580679
2.169,5.28243353383569
2.17,5.27544045443039
2.171,5.24274853458908
2.172,5.48718748640263
2.173,5.19063627290889
2.174,5.54930214444589
2.175,5.57706541250598
2.176,5.62763807483857
2.177,5.41819017103552
2.178,5.54819956461923
2.179,5.78714999873305
2.18,5.43926009824171
2.181,5.39520332729449
2.182,5.78739351409258
2.183,4.93324766360686
2.184,5.34579764031557
2.185,5.92529376178598
2.186,5.347025879323
2.187,5.33134508475969
2.188,5.20020701843782
2.189,5.60617587920138
2.19,5.02767861591285
2.191,5.29186413485167
2.192,5.56721017788125
2.193,5.45559409980503
2.194,5.58273063372662
2.195,5.48529236784156
2.196,5.59823172157532
2.197,5.20662438074133
2.198,5.50976935423981
2.199,5.15487918848125
2.2,5.62688458800135
2.201,5.41014517774072
2.202,5.60535033844342
2.203,5.36881359983253
2.204,5.54405266709666
2.205,5.6911505745465
2.206,5.08640376952038
2.207,5.11086868898736
2.208,5.11987310395061
2.209,5.65805577341331
2.21,NaN
2.211,5.35181788883134
2.212,5.7940968947292
2.213,5.52382037952732
2.214,5.1808659444098
2.215,5.29636502210104
2.216,5.22510634082738
2.217,5.69508438300972
2.218,5.38583206565631
2.219,5.27362200671395
2.22,5.3945171303796
2.221,5.34458707827033
2.222,5.6843960285587
2.223,5.61119222663739
2.224,5.57810878424494
2.225,5.60271367678773
2.226,5.53006194610164
2.227,NaN
2.228,5.63359027785346
2.229,5.3629359981232
2.23,5.3146684825691
2.231,5.31611378587031
2.232,5.70672005541006
2.233,5.73089189903929
2.234,5.18478338740157
2.235,5.50879081929441
2.236,5.5906545957319
2.237,5.42004022479751
2.238,5.69615866502161
2.239,5.59668878773759
2.24,5.51707094935547
2.241,5.43798490219369
2.242,5.68669457807937
2.243,5.72296906324858
2.244,5.64878408116823
2.245,5.508773896376
2.246,5.74272942595676
2.247,5.37895264494563
2.248,5.59100809709417
2.249,5.84318728879025
2.25,5.52774567302826
2.251,5.39869260549262
2.252,5.95791615173689
2.253,5.52160737370616
2.254,5.66107301759065
2.255,NaN
2.256,5.63376910645122
2.257,5.67139133303346
2.258,5.58063482606202
2.259,5.64666964411018
2.26,5.82409224524383
2.261,5.30406930936972
2.262,5.62771698806891
2.263,5.1900711307404
2.264,5.59569228067019
2.265,NaN
2.266,5.78162077585632
2.267,5.59369121358525
2.268,5.52910458688488
2.269,5.70407699585898
2.27,5.8114687745724
2.271,5.60469607297178
2.272,5.92635335797134
2.273,5.44187731182994
2.274,5.20713770735767
2.275,5.45868649081707
2.276,5.57009320468146
2.277,5.53702520954439
2.278,5.44372017341452
2.279,5.88225314240089
2.28,5.29314714263106
2.281,5.51964605195598
2.282,5.4257421347575
2.283,5.52636762604428
2.284,5.4895370762148
2.285,5.72001926249366
2.286,5.41770102185884
2.287,5.46334297541521
2.288,5.64925666691192
2.289,5.84737699696527
2.29,5.26121856242396
2.291,5.99361184855759
2.292,5.45951745780256
2.293,5.76626362263146
2.294,5.84814855808135
2.295,5.90436640215881
2.296,5.53778179476911
2.297,5.64761611003191
2.298,5.61177293385819
2.299,5.52460092138364
2.3,5.70155554830176
2.301,5.72041634710171
2.302,5.57969230699034
2.303,5.67808856729635
2.304,6.18778775601363
2.305,5.65300655885111
2.306,5.79802227479264
2.307,5.56488925434109
2.308,5.55325049798272
2.309,5.5910911135735
2.31,5.77457601416652
2.311,5.50276603272339
2.312,5.293887362323
2.313,5.67651622256317
2.314,5.57997970347956
2.315,5.72464738354785
2.316,5.6869436094699
2.317,5.81721617403553
2.318,5.8529062849677
2.319,5.40898467082197
2.32,5.37054657470461
2.321,5.77729235114685
2.322,5.73942063399797
2.323,5.49164022714692
2.324,5.92827601072178
2.325,5.68871451439428
2.326,5.70813560900368
2.327,5.73951289004706
2.328,5.8368544866114
2.329,5.99221036616618
2.33,5.63619846915201
2.331,5.34373288049125
2.332,5.89383159375229
2.333,5.50685384451315
2.334,5.94239261817631
2.335,5.57700747203338
2.336,5.99444335069293
2.337,5.53618630628795
2.338,5.47609015329729
2.339,5.89121902108664
2.34,5.42843502624763
2.341,5.83836965411373
2.342,5.79101777266559
2.343,5.67599298260399
2.344,5.63752648022785
2.345,6.11857463088379
2.346,5.63327804198081
2.347,5.67130996506988
2.348,5.5227626769285
2.349,5.54896822822604
2.35,5.59608146904498
2.351,6.05584777660375
2.352,NaN
2.353,5.57818344600389
2.354,5.62766868904237
2.355,5.86129733062841
2.356,5.45637795159648
2.357,5.84604365953695
2.358,5.45544819884243
2.359,5.69661834119449
2.36,5.35848240782922
2.361,5.83211266119906
2.362,5.86456048272022
2.363,NaN
2.364,5.79159992783608
2.365,5.76169108933321
2.366,5.96197645108893
2.367,5.75685432395197
2.368,5.94008456475708
2.369,5.70984770926461
2.37,5.60454431852634
2.371,5.72760197629721
2.372,5.69632051413827
2.373,5.91349944706034
2.374,5.72690937771471
2.375,5.57085585213155
2.376,5.70909299785036
2.377,5.97873153490811
2.378,5.65897466682056
2.379,5.61116896921054
2.38,5.94061932233033
2.381,5.76498821340526
2.382,5.67311572514254
2.383,5.59879813974209
2.384,5.4514946719193
2.385,5.77902957455837
2.386,5.68583641502636
2.387,5.8139008499184
2.388,5.45967776853373
2.389,6.01621646124601
2.39,NaN
2.391,5.44022699073772
2.392,5.9658043545042
2.393,5.63770961199698
2.394,5.81649478373032
2.395,5.80076076474623
2.396,5.58203842369333
2.397,5.18620157109306
2.398,5.86638797530929
2.399,5.69165735330021
2.4,5.64127344208891
2.401,5.8454006432386
2.402,5.62444732905903
2.403,5.8973795287121
2.404,5.79407112790112
2.405,5.56637063487164
2.406,5.93273563079673
2.407,5.86099911081315
2.408,6.01725060216788
2.409,5.5890054463511
2.41,5.58918010266788
2.411,5.8315975229363
2.412,5.90302876952264
2.413,5.93592765170758
2.414,5.77228079827747
2.415,5.72446749533889
2.416,5.90286953005719
2.417,6.1658635673376
2.418,5.9505180249051
2.419,5.79114507167832
2.42,5.65996371665121
2.421,5.87543785607158
2.422,5.67928038066971
2.423,5.82439629178469
2.424,5.93295502462673
2.425,5.96275052269732
2.426,5.89610639164442
2.427,6.05464085342262
2.428,6.14986248478866
2.429,5.40064835043844
2.43,5.42499657372944
2.431,5.59674956232971
2.432,5.38222908212904
2.433,5.71092346032004
2.434,5.71558457148261
2.435,5.83346344945486
2.436,5.84111642214143
2.437,5.64714838507587
2.438,5.62220951640577
2.439,5.94403549460749
2.44,5.70944074979268
2.441,5.51205602847331
2.442,NaN
2.443,5.82803410967051
2.444,NaN
2.445,5.92079969679268
2.446,5.83367210400609
2.447,5.74636748635688
2.448,5.78054184116383
2.449,5.8813899757672
2.45,5.70186719671442
2.451,5.57955059083276
2.452,5.75980454388917
2.453,5.81712462286797
2.454,5.89354656040163
2.455,5.78599422027438
2.456,5.70089615062131
2.457,5.91197865973116
2.458,5.77034041571788
2.459,5.95477773117667
2.46,5.77573121313531
2.461,5.79274441555505
2.462,5.77593394936747
2.463,5.61035383079725
2.464,5.60949874176953
2.465,5.60292462981372
2.466,6.15240660009097
2.467,5.75566685234989
2.468,5.98404314444229
2.469,5.86604038919613
2.47,6.16830563181975
2.471,5.98209655559649
2.472,5.5515141185514
2.473,5.73167592041683
2.474,5.97566202256882
2.475,5.85517098261261
2.476,6.25076620692296
2.477,5.78833443409311
2.478,5.48771719138253
2.479,5.88707629557228
2.48,5.61605760738071
2.481,5.80846218173031
2.482,6.01433041505105
2.483,5.86049509689183
2.484,5.85891727382524
2.485,5.75966820886122
2.486,5.76994186115393
2.487,5.77871873351825
2.488,5.23963518894599
2.489,5.87817739389305
2.49,5.99765467882296
2.491,5.5401536639858
2.492,5.49535367901916
2.493,5.92400882508236
2.494,5.4983533648799
2.495,5.46402087831374
2.496,5.95773207550913
2.497,5.66910799758023
2.498,6.04896481074829
2.499,5.54154316858849
2.5,5.67712950527548
2.501,5.84833509443252
2.502,5.90985403828327
2.503,5.8934913331997
2.504,5.83822823596486
2.505,5.753940314832
2.506,5.68401451392002
2.507,5.89590279898295
2.508,5.72238082305329
2.509,5.88400335439408
2.51,6.01714641934633
2.511,5.34965597899518
2.512,6.16032760602633
2.513,5.67292083158765
2.514,6.06251798918182
2.515,6.10943031166771
2.516,5.50520794458346
2.517,5.834247016113
2.518,6.49197322296552
2.519,5.75564990733356
2.52,5.89567789542656
2.521,5.86443665715055
2.522,6.05167042127495
2.523,6.01601534129478
2.524,5.60843699814133
2.525,5.70983403826436
2.526,5.86597687688033
2.527,5.78544307212637
2.528,6.30390182486155
2.529,NaN
2.53,5.88395311528217
2.531,5.62867392272764
2.532,5.53446029038009
2.533,5.95453319267748
2.534,5.75598787442848
2.535,5.92499932761504
2.536,5.62859419398407
2.537,5.9737922992341
2.538,5.4316087995702
2.539,6.10733953138705
2.54,5.96299189396332
2.541,5.81540381533956
2.542,5.56082579917236
2.543,5.71320439406548
2.544,5.84322800276542
2.545,6.0335768133881
2.546,5.58495257234214
2.547,6.05032440107474
2.548,6.34454600245877
2.549,5.69147050540975
2.55,5.88390377736048
2.551,5.65829423376465
2.552,5.44595730691143
2.553,6.08303992980447
2.554,5.92734312923927
2.555,5.68594806358889
2.556,5.81032894428754
2.557,5.74124627098811
2.558,5.4944095959924
2.559,5.20982963451797
2.56,5.77633627907708
2.561,5.69286179276474
2.562,5.66954323500444
2.563,5.6151884267978
2.564,5.42043693908733
2.565,5.67903212561032
2.566,5.81515189906984
2.567,5.569981296891
2.568,5.87191324669878
2.569,5.7267181950063
2.57,5.76044253940403
2.571,5.49436011434165
2.572,5.62673961049099
2.573,5.8610815066441
2.574,5.6204922589736
2.575,5.81022336219201
2.576,6.17288618580444
2.577,5.93576045011694
2.578,5.98357462382596
2.579,6.24755372291159
2.58,6.00994554884141
2.581,5.8537857654904
2.582,6.16385093356485
2.583,5.59202579218434
2.584,5.63587487275331
2.585,6.17530425010822
2.586,5.86184757830425
2.587,5.76188350528307
2.588,5.86125559811719
2.589,5.71610351022478
2.59,5.70983791907122
2.591,5.69017034876496
2.592,5.65601884461537
2.593,5.57735173108018
2.594,5.75340000471729
2.595,5.64969745781744
2.596,6.05226269568365
2.597,5.81024666640826
2.598,5.96665878329592
2.599,5.73365199496805
2.6,5.74453499242427
2.601,6.01171416567229
2.602,6.05298371639144
2.603,5.76506969415507
2.604,6.0961742730549
2.605,5.85201399873969
2.606,5.82975650382738
2.607,6.19362531615945
2.608,6.06152944968643
2.609,5.93500428363161
2.61,5.83315653163444
2.611,5.64417316067564
2.612,5.72794398846191
2.613,6.11451721049839
2.614,5.3449385777865
2.615,5.62095973251925
2.616,5.70970250913327
2.617,5.77621871449605
2.618,5.38888088117374
2.619,5.85055622408394
2.62,5.88976756100539
2.621,5.55486533703299
2.622,5.69009873274855
2.623,5.49830363410084
2.624,6.06497169883413
2.625,5.81380610766701
2.626,5.68795983295757
2.627,5.55207429235539
2.628,5.75591754379728
2.629,6.07205418528514
2.63,5.78925558049641
2.631,5.80385981340492
2.632,5.49211782546808
2.633,5.76440244739762
2.634,5.88538562270681
2.635,5.45283554069841
2.636,5.95374058060492
2.637,6.22012766289145
2.638,5.41440409594975
2.639,5.31159860413334
2.64,5.70934190887711
2.641,5.87461025958766
2.642,5.70537433780661
2.643,5.68892458235558
2.644,5.72082380855335
2.645,5.50550050028152
2.646,5.38852981473825
2.647,6.03250648426047
2.648,5.77359596739197
2.649,5.4764209868345
2.65,5.92799256666382
2.651,5.45218638084913
2.652,5.68615511308468
2.653,5.85750491233617
2.654,5.54004152394149
2.655,5.63711834332572
2.656,5.71175937249252
2.657,6.09512118403107
2.658,5.79525775454061
2.659,5.62239027547524
2.66,5.65596841536575
2.661,5.64377451889212
2.662,5.95995487636356
2.663,5.64050689825736
2.664,5.53780490576831
2.665,5.74302898919994
2.666,5.67472736416461
2.667,5.85104799976397
2.668,5.88302663944689
2.669,5.90729014574813
2.67,5.81802736453221
2.671,5.81382089904925
2.672,6.0666765894873
2.673,5.45271990669073
2.674,5.61396009277525
2.675,5.34309920000018
2.676,5.864672797243
2.677,5.68377856358171
2.678,5.61827428211952
2.679,5.33260251584912
2.68,5.71214871462601
2.681,5.6221658703865
2.682,5.40179787654276
2.683,5.43990396201991
2.684,5.51762516007675
2.685,5.61858597165974
2.686,5.33751012981836
2.687,5.62947489561863
2.688,5.78761416530069
2.689,5.58773900735033
2.69,5.52205740550245
2.691,5.72107301296044
2.692,5.87904206191913
2.693,5.56807553269611
2.694,5.56261923770673
2.695,5.36735564435768
2.696,5.4575281788635
2.697,5.77279550155938
2.698,5.62742442659731
2.699,5.80159997486386
2.7,5.78119308658696
2.701,5.72088987635221
2.702,5.79757687140353
2.703,5.94744748901119
2.704,5.75661842665741
2.705,5.72494233001382
2.706,5.62964935752133
2.707,5.38826447509657
2.708,5.53420198462324
2.709,5.69883155356302
2.71,5.40983933536797
2.711,5.72421735441418
2.712,5.69355332094756
2.713,5.64747908107098
2.714,5.68619956462546
2.715,5.62910905338707
2.716,5.61835889441435
2.717,NaN
2.718,5.80549347438897
2.719,5.5999231085353
2.72,5.08818143672232
2.721,5.51757553531534
2.722,5.65238832986219
2.723,5.80352166658843
2.724,5.88601888475525
2.725,5.42003204488878
2.726,5.75886315311037
2.727,5.65263239378365
2.728,5.56172641270067
2.729,5.60669578949948
2.73,5.59447063498319
2.731,5.62649566476673
2.732,NaN
2.733,5.46076635873466
2.734,5.38439341451346
2.735,5.78485820435618
2.736,5.5460591897682
2.737,5.87121746016393
2.738,NaN
2.739,5.46606431180241
2.74,5.86742999222704
2.741,5.86297310173146
2.742,5.37392235305295
2.743,5.6192901605629
2.744,5.84446948109082
2.745,5.84104435303576
2.746,5.3157702456342
2.747,5.89466686000979
2.748,5.70155729539081
2.749,5.61292907211185
2.75,5.52057019880512
2.751,5.37070679569263
2.752,5.58112354804147
2.753,5.50898242044803
2.754,6.02055861628928
2.755,5.59474218168447
2.756,5.52024184584521
2.757,5.55030381054901
2.758,5.42874338398726
2.759,5.96382706606899
2.76,5.6750425018097
2.761,5.56078167384681
2.762,5.76861614161606
2.763,5.53549156241076
2.764,5.52071670541398
2.765,5.42708603205855
2.766,5.41344866001302
2.767,5.85559225805377
2.768,5.6865085807756
2.769,5.54831880780187
2.77,5.86992132007803
2.771,5.5318884209346
2.772,5.58327716854808
2.773,5.23939053388991
2.774,5.6165216916294
2.775,5.23009463113086
2.776,5.31998877062119
2.777,5.70560189542847
2.778,5.58404691745056
2.779,5.3374168686214
2.78,5.43031375749406
2.781,NaN
2.782,5.55006122007757
2.783,5.16181898043781
2.784,5.26100204081789
2.785,5.14561139496978
2.786,5.48373189595596
2.787,5.15203843690759
2.788,5.63466393635741
2.789,5.29121549719264
2.79,5.26904027856428
2.791,5.84644933107366
2.792,5.91882106935093
2.793,5.32049082236835
2.794,5.47493371540497
2.795,5.87293697873915
2.796,5.37027071227071
2.797,5.81980783031602
2.798,5.63824711243145
2.799,5.48336332623349
2.8,5.39960313479099
2.801,5.80682246062965
2.802,5.60836246473091
2.803,5.33755477618072
2.804,5.54060344020978
2.805,5.28441188840911
2.806,5.4877347863176
2.807,5.7622582986695
2.808,5.56018471154137
2.809,5.2998097368906
2.81,5.51926353042265
2.811,5.30802526647672
2.812,5.84936344785976
2.813,5.08467087617621
2.814,5.3094151860207
2.815,NaN
2.816,5.27304725815991
2.817,5.43858602258715
2.818,5.56380404640107
2.819,5.68232109795092
2.82,5.24324543787421
2.821,5.3925617633495
2.822,5.33007444992476
2.823,5.3994297117099
2.824,5.4940370824229
2.825,5.29427579606481
2.826,5.57587689888297
2.827,5.4990440025774
2.828,5.31708547598529
2.829,5.46458475618029
2.83,5.60407855242955
2.831,5.60368933326458
2.832,5.53654038581432
2.833,5.38772561543357
2.834,5.27452835745181
2.835,5.44118778817054
2.836,5.30095463424189
2.837,5.32557554523794
2.838,5.57476306192439
2.839,5.67700853677444
2.84,5.5045693607791
2.841,5.79385275336811
2.842,5.07514049459993
2.843,5.38331623857018
2.844,5.39562010775426
2.845,5.69724911843503
2.846,5.47237549685149
2.847,5.30512615861466
2.848,5.47850721051645
2.849,5.49391863852746
2.85,5.39971742268691
2.851,4.95545599252654
2.852,5.56332276127306
2.853,4.6581499744303
2.854,5.37610451186478
2.855,5.04168504080653
2.856,5.27867043075346
2.857,5.6271419355749
2.858,5.2424698451789
2.859,5.72633175564478
2.86,NaN
2.861,NaN
2.862,5.15536225195129
2.863,5.23460571929753
2.864,5.40639942202489
2.865,NaN
2.866,5.44993166132407
2.867,5.38051680249821
2.868,5.48609816622258
2.869,5.72952461820003
2.87,5.25296944227373
2.871,5.11930172088739
2.872,5.54902576756577
2.873,5.48970114794253
2.874,5.2798810692109
2.875,5.18745264002719
2.876,5.35360671608296
2.877,5.07554033948748
2.878,5.31238628749373
2.879,5.16925004932051
2.88,5.1306381128335
2.881,5.48575211384702
2.882,5.29589009533375
2.883,5.55769562156906
2.884,5.06785465042808
2.885,5.33083288283764
2.886,NaN
2.887,5.40181579851403
2.888,5.53672118011764
2.889,5.47805190258686
2.89,4.84791384607278
2.891,5.404970084978
2.892,5.26799749070329
2.893,5.33073899755255
2.894,5.15202787108637
2.895,4.92893706595874
2.896,5.43531354354177
2.897,5.15296219707935
2.898,5.18603098583946
2.899,5.28327339700053
2.9,5.75456160152773
2.901,5.70354744603189
2.902,NaN
2.903,5.14520497818498
2.904,5.43510966386504
2.905,4.82062697371799
2.906,5.4816341574593
2.907,5.16737539262185
2.908,5.50787420976285
2.909,5.04962898163328
2.91,5.03869839376097
2.911,5.68365888582526
2.912,5.33596418923261
2.913,5.15398910861487
2.914,5.00692876198633
2.915,5.43176858675035
2.916,5.27709499118622
2.917,4.75344726607538
2.918,5.02315941720974
2.919,5.7953910289797
2.92,5.19659865054215
2.921,4.79660880319332
2.922,5.01647632236641
2.923,5.10765975734073
2.924,5.32811486887567
2.925,5.15420575207754
2.926,5.20462686967382
2.927,5.17829328022913
2.928,4.98735119039018
2.929,5.41152760328329
2.93,5.10146005645974
2.931,5.07937886070513
2.932,5.20860360233312
2.933,5.15375941179156
2.934,5.06038405968225
2.935,5.18764978849367
2.936,5.58237167919858
2.937,5.26556077491918
2.938,5.02382251975773
2.939,4.97846731955652
2.94,5.1021254733333
2.941,4.83223809472924
2.942,5.51011485650682
2.943,5.18334572797445
2.944,4.90733928869716
2.945,5.16166524395253
2.946,4.84636308093941
2.947,5.24905810747183
2.948,5.0938166387909
2.949,5.13603123824596
2.95,5.19751596124262
2.951,5.29340755145053
2.952,4.95822606766222
2.953,4.82428499573721
2.954,5.09442937856146
2.955,4.948138307171
2.956,5.19522851566156
2.957,4.73680551711233
2.958,5.2769665050323
2.959,5.16403827428986
2.96,4.87795423634094
2.961,5.03432449557353
2.962,5.26285025884543
2.963,5.5780749379614
2.964,5.02006721953875
2.965,5.36417981666247
2.966,4.91315783098015
2.967,5.12416765093954
2.968,5.03878992429985
2.969,5.14583980217373
2.97,4.97566422162971
2.971,4.78850522993041
2.972,5.01612612652603
2.973,5.15570967967573
2.974,4.96404373483853
2.975,5.02589763008158
2.976,5.14066124641535
2.977,5.16560066576124
2.978,4.90852937700233
2.979,4.99906608049297
2.98,5.22435210116637
2.981,5.11387596089195
2.982,4.77563549180828
2.983,5.35227970885249
2.984,4.91686810542524
2.985,4.89797096810641
2.986,4.75045547782838
2.987,5.01073700945499
2.988,5.00960972434954
2.989,4.9630971922281
2.99,4.85721112989442
2.991,4.69050625234388
2.992,5.62260139095189
2.993,5.31775959345683
2.994,4.94328042669015
2.995,4.98958998795914
2.996,5.08183306115057
2.997,5.00511223984338
2.998,4.89095456297291
2.999,5.18932022389009
3,4.7723366412942
