image,resolution,version,run_id,time_ms
agriculture1.jpg,640x480,manual,1,1.538
agriculture1.jpg,640x480,manual,2,1.5501
agriculture1.jpg,640x480,manual,3,1.4715
agriculture1.jpg,640x480,manual,4,1.4829
agriculture1.jpg,640x480,manual,5,1.5015
agriculture1.jpg,640x480,manual,6,1.466
agriculture1.jpg,640x480,manual,7,1.461
agriculture1.jpg,640x480,manual,8,1.465
agriculture1.jpg,640x480,manual,9,1.4577
agriculture1.jpg,640x480,manual,10,1.4611
agriculture1.jpg,640x480,manual,11,1.4629
agriculture1.jpg,640x480,manual,12,1.463
agriculture1.jpg,640x480,manual,13,1.461
agriculture1.jpg,640x480,manual,14,1.4678
agriculture1.jpg,640x480,manual,15,1.5115
agriculture1.jpg,640x480,manual,16,1.5258
agriculture1.jpg,640x480,manual,17,1.4648
agriculture1.jpg,640x480,manual,18,1.4617
agriculture1.jpg,640x480,manual,19,1.4625
agriculture1.jpg,640x480,manual,20,1.4636
agriculture1.jpg,640x480,manual,21,1.4611
agriculture1.jpg,640x480,manual,22,1.4617
agriculture1.jpg,640x480,manual,23,1.4629
agriculture1.jpg,640x480,manual,24,1.4616
agriculture1.jpg,640x480,manual,25,1.4616
agriculture1.jpg,640x480,manual,26,1.5094
agriculture1.jpg,640x480,manual,27,1.4868
agriculture1.jpg,640x480,manual,28,1.4616
agriculture1.jpg,640x480,manual,29,1.4617
agriculture1.jpg,640x480,manual,30,1.4643
agriculture1.jpg,640x480,opencv,1,1.8741
agriculture1.jpg,640x480,opencv,2,1.9852
agriculture1.jpg,640x480,opencv,3,1.9821
agriculture1.jpg,640x480,opencv,4,1.9684
agriculture1.jpg,640x480,opencv,5,1.9707
agriculture1.jpg,640x480,opencv,6,2.0709
agriculture1.jpg,640x480,opencv,7,2.051
agriculture1.jpg,640x480,opencv,8,1.9891
agriculture1.jpg,640x480,opencv,9,1.9724
agriculture1.jpg,640x480,opencv,10,1.9762
agriculture1.jpg,640x480,opencv,11,1.944
agriculture1.jpg,640x480,opencv,12,1.9563
agriculture1.jpg,640x480,opencv,13,1.9613
agriculture1.jpg,640x480,opencv,14,2.1022
agriculture1.jpg,640x480,opencv,15,2.2741
agriculture1.jpg,640x480,opencv,16,2.0872
agriculture1.jpg,640x480,opencv,17,1.9971
agriculture1.jpg,640x480,opencv,18,2.0007
agriculture1.jpg,640x480,opencv,19,1.9891
agriculture1.jpg,640x480,opencv,20,2.0255
agriculture1.jpg,640x480,opencv,21,2.0393
agriculture1.jpg,640x480,opencv,22,2.0898
agriculture1.jpg,640x480,opencv,23,2.0802
agriculture1.jpg,640x480,opencv,24,2.1096
agriculture1.jpg,640x480,opencv,25,1.9914
agriculture1.jpg,640x480,opencv,26,1.9926
agriculture1.jpg,640x480,opencv,27,1.9916
agriculture1.jpg,640x480,opencv,28,1.9407
agriculture1.jpg,640x480,opencv,29,1.9999
agriculture1.jpg,640x480,opencv,30,1.9914
agriculture2.jpg,640x480,manual,1,1.565
agriculture2.jpg,640x480,manual,2,1.5486
agriculture2.jpg,640x480,manual,3,1.6145
agriculture2.jpg,640x480,manual,4,1.4828
agriculture2.jpg,640x480,manual,5,1.4938
agriculture2.jpg,640x480,manual,6,1.4722
agriculture2.jpg,640x480,manual,7,1.4483
agriculture2.jpg,640x480,manual,8,1.4644
agriculture2.jpg,640x480,manual,9,1.466
agriculture2.jpg,640x480,manual,10,1.4668
agriculture2.jpg,640x480,manual,11,1.4781
agriculture2.jpg,640x480,manual,12,1.4681
agriculture2.jpg,640x480,manual,13,1.4658
agriculture2.jpg,640x480,manual,14,1.4643
agriculture2.jpg,640x480,manual,15,1.6556
agriculture2.jpg,640x480,manual,16,1.6936
agriculture2.jpg,640x480,manual,17,2.1167
agriculture2.jpg,640x480,manual,18,1.6572
agriculture2.jpg,640x480,manual,19,1.4607
agriculture2.jpg,640x480,manual,20,1.4679
agriculture2.jpg,640x480,manual,21,1.537
agriculture2.jpg,640x480,manual,22,1.4689
agriculture2.jpg,640x480,manual,23,1.466
agriculture2.jpg,640x480,manual,24,1.4661
agriculture2.jpg,640x480,manual,25,1.5902
agriculture2.jpg,640x480,manual,26,1.7221
agriculture2.jpg,640x480,manual,27,2.0529
agriculture2.jpg,640x480,manual,28,1.4763
agriculture2.jpg,640x480,manual,29,1.4669
agriculture2.jpg,640x480,manual,30,1.4642
agriculture2.jpg,640x480,opencv,1,2.0192
agriculture2.jpg,640x480,opencv,2,1.9243
agriculture2.jpg,640x480,opencv,3,1.8237
agriculture2.jpg,640x480,opencv,4,1.8101
agriculture2.jpg,640x480,opencv,5,1.8226
agriculture2.jpg,640x480,opencv,6,1.9437
agriculture2.jpg,640x480,opencv,7,1.9135
agriculture2.jpg,640x480,opencv,8,1.8586
agriculture2.jpg,640x480,opencv,9,1.8884
agriculture2.jpg,640x480,opencv,10,1.901
agriculture2.jpg,640x480,opencv,11,1.8481
agriculture2.jpg,640x480,opencv,12,1.864
agriculture2.jpg,640x480,opencv,13,1.8425
agriculture2.jpg,640x480,opencv,14,1.9236
agriculture2.jpg,640x480,opencv,15,2.0072
agriculture2.jpg,640x480,opencv,16,1.947
agriculture2.jpg,640x480,opencv,17,1.9178
agriculture2.jpg,640x480,opencv,18,1.8981
agriculture2.jpg,640x480,opencv,19,1.8175
agriculture2.jpg,640x480,opencv,20,1.8727
agriculture2.jpg,640x480,opencv,21,1.8671
agriculture2.jpg,640x480,opencv,22,1.8394
agriculture2.jpg,640x480,opencv,23,1.9218
agriculture2.jpg,640x480,opencv,24,1.9959
agriculture2.jpg,640x480,opencv,25,1.9367
agriculture2.jpg,640x480,opencv,26,1.8213
agriculture2.jpg,640x480,opencv,27,1.8252
agriculture2.jpg,640x480,opencv,28,1.8441
agriculture2.jpg,640x480,opencv,29,1.8237
agriculture2.jpg,640x480,opencv,30,1.8198
agriculture3.jpg,640x480,manual,1,1.4641
agriculture3.jpg,640x480,manual,2,1.6045
agriculture3.jpg,640x480,manual,3,1.795
agriculture3.jpg,640x480,manual,4,1.6401
agriculture3.jpg,640x480,manual,5,2.4027
agriculture3.jpg,640x480,manual,6,1.7596
agriculture3.jpg,640x480,manual,7,1.671
agriculture3.jpg,640x480,manual,8,1.7943
agriculture3.jpg,640x480,manual,9,1.6122
agriculture3.jpg,640x480,manual,10,1.5986
agriculture3.jpg,640x480,manual,11,1.6004
agriculture3.jpg,640x480,manual,12,1.6013
agriculture3.jpg,640x480,manual,13,1.6005
agriculture3.jpg,640x480,manual,14,1.5968
agriculture3.jpg,640x480,manual,15,1.613
agriculture3.jpg,640x480,manual,16,1.6797
agriculture3.jpg,640x480,manual,17,1.6153
agriculture3.jpg,640x480,manual,18,1.599
agriculture3.jpg,640x480,manual,19,1.5986
agriculture3.jpg,640x480,manual,20,1.5993
agriculture3.jpg,640x480,manual,21,1.5969
agriculture3.jpg,640x480,manual,22,1.6023
agriculture3.jpg,640x480,manual,23,1.6005
agriculture3.jpg,640x480,manual,24,1.5978
agriculture3.jpg,640x480,manual,25,1.6139
agriculture3.jpg,640x480,manual,26,1.669
agriculture3.jpg,640x480,manual,27,1.605
agriculture3.jpg,640x480,manual,28,1.5974
agriculture3.jpg,640x480,manual,29,1.6003
agriculture3.jpg,640x480,manual,30,1.5999
agriculture3.jpg,640x480,opencv,1,1.909
agriculture3.jpg,640x480,opencv,2,2.0329
agriculture3.jpg,640x480,opencv,3,2.0084
agriculture3.jpg,640x480,opencv,4,2.0787
agriculture3.jpg,640x480,opencv,5,2.0549
agriculture3.jpg,640x480,opencv,6,1.9879
agriculture3.jpg,640x480,opencv,7,2.0301
agriculture3.jpg,640x480,opencv,8,2.0711
agriculture3.jpg,640x480,opencv,9,2.0105
agriculture3.jpg,640x480,opencv,10,1.9613
agriculture3.jpg,640x480,opencv,11,1.9925
agriculture3.jpg,640x480,opencv,12,2.0085
agriculture3.jpg,640x480,opencv,13,1.9591
agriculture3.jpg,640x480,opencv,14,1.9435
agriculture3.jpg,640x480,opencv,15,2.0097
agriculture3.jpg,640x480,opencv,16,1.9986
agriculture3.jpg,640x480,opencv,17,1.9955
agriculture3.jpg,640x480,opencv,18,1.9696
agriculture3.jpg,640x480,opencv,19,1.9257
agriculture3.jpg,640x480,opencv,20,2.0353
agriculture3.jpg,640x480,opencv,21,1.9442
agriculture3.jpg,640x480,opencv,22,1.9842
agriculture3.jpg,640x480,opencv,23,2.0015
agriculture3.jpg,640x480,opencv,24,1.9903
agriculture3.jpg,640x480,opencv,25,1.9814
agriculture3.jpg,640x480,opencv,26,2.0028
agriculture3.jpg,640x480,opencv,27,1.9851
agriculture3.jpg,640x480,opencv,28,2.0122
agriculture3.jpg,640x480,opencv,29,2.0003
agriculture3.jpg,640x480,opencv,30,2.0193
automobile1.jpg,640x480,manual,1,1.4625
automobile1.jpg,640x480,manual,2,1.688
automobile1.jpg,640x480,manual,3,1.6636
automobile1.jpg,640x480,manual,4,1.7466
automobile1.jpg,640x480,manual,5,1.6713
automobile1.jpg,640x480,manual,6,1.7026
automobile1.jpg,640x480,manual,7,1.6283
automobile1.jpg,640x480,manual,8,1.7545
automobile1.jpg,640x480,manual,9,1.653
automobile1.jpg,640x480,manual,10,1.7688
automobile1.jpg,640x480,manual,11,1.7365
automobile1.jpg,640x480,manual,12,1.8585
automobile1.jpg,640x480,manual,13,1.6271
automobile1.jpg,640x480,manual,14,1.6685
automobile1.jpg,640x480,manual,15,1.5973
automobile1.jpg,640x480,manual,16,1.6733
automobile1.jpg,640x480,manual,17,1.6123
automobile1.jpg,640x480,manual,18,1.7006
automobile1.jpg,640x480,manual,19,1.7183
automobile1.jpg,640x480,manual,20,1.7519
automobile1.jpg,640x480,manual,21,1.7235
automobile1.jpg,640x480,manual,22,1.7657
automobile1.jpg,640x480,manual,23,1.6733
automobile1.jpg,640x480,manual,24,1.7474
automobile1.jpg,640x480,manual,25,1.6762
automobile1.jpg,640x480,manual,26,1.743
automobile1.jpg,640x480,manual,27,1.6764
automobile1.jpg,640x480,manual,28,1.7698
automobile1.jpg,640x480,manual,29,1.7151
automobile1.jpg,640x480,manual,30,1.7913
automobile1.jpg,640x480,opencv,1,1.8836
automobile1.jpg,640x480,opencv,2,2.0194
automobile1.jpg,640x480,opencv,3,1.976
automobile1.jpg,640x480,opencv,4,1.9742
automobile1.jpg,640x480,opencv,5,1.9422
automobile1.jpg,640x480,opencv,6,1.9928
automobile1.jpg,640x480,opencv,7,2.0113
automobile1.jpg,640x480,opencv,8,1.973
automobile1.jpg,640x480,opencv,9,2.5646
automobile1.jpg,640x480,opencv,10,2.1465
automobile1.jpg,640x480,opencv,11,2.0318
automobile1.jpg,640x480,opencv,12,1.9905
automobile1.jpg,640x480,opencv,13,2.038
automobile1.jpg,640x480,opencv,14,2.0044
automobile1.jpg,640x480,opencv,15,1.9829
automobile1.jpg,640x480,opencv,16,2.0263
automobile1.jpg,640x480,opencv,17,2.2007
automobile1.jpg,640x480,opencv,18,2.0905
automobile1.jpg,640x480,opencv,19,2.0245
automobile1.jpg,640x480,opencv,20,2.0589
automobile1.jpg,640x480,opencv,21,2.0604
automobile1.jpg,640x480,opencv,22,1.991
automobile1.jpg,640x480,opencv,23,2.1273
automobile1.jpg,640x480,opencv,24,2.1802
automobile1.jpg,640x480,opencv,25,2.0361
automobile1.jpg,640x480,opencv,26,2.0676
automobile1.jpg,640x480,opencv,27,2.0593
automobile1.jpg,640x480,opencv,28,1.9614
automobile1.jpg,640x480,opencv,29,1.969
automobile1.jpg,640x480,opencv,30,2.1038
automobile2.jpeg,640x480,manual,1,1.5082
automobile2.jpeg,640x480,manual,2,1.8258
automobile2.jpeg,640x480,manual,3,1.6781
automobile2.jpeg,640x480,manual,4,1.6836
automobile2.jpeg,640x480,manual,5,1.6003
automobile2.jpeg,640x480,manual,6,1.6847
automobile2.jpeg,640x480,manual,7,1.6247
automobile2.jpeg,640x480,manual,8,1.6923
automobile2.jpeg,640x480,manual,9,1.6016
automobile2.jpeg,640x480,manual,10,1.6875
automobile2.jpeg,640x480,manual,11,1.7325
automobile2.jpeg,640x480,manual,12,1.8995
automobile2.jpeg,640x480,manual,13,1.7027
automobile2.jpeg,640x480,manual,14,1.6911
automobile2.jpeg,640x480,manual,15,1.6112
automobile2.jpeg,640x480,manual,16,1.6897
automobile2.jpeg,640x480,manual,17,1.6169
automobile2.jpeg,640x480,manual,18,1.6929
automobile2.jpeg,640x480,manual,19,1.6037
automobile2.jpeg,640x480,manual,20,1.716
automobile2.jpeg,640x480,manual,21,1.686
automobile2.jpeg,640x480,manual,22,1.7646
automobile2.jpeg,640x480,manual,23,1.6178
automobile2.jpeg,640x480,manual,24,1.6978
automobile2.jpeg,640x480,manual,25,1.6839
automobile2.jpeg,640x480,manual,26,1.6781
automobile2.jpeg,640x480,manual,27,1.601
automobile2.jpeg,640x480,manual,28,1.7821
automobile2.jpeg,640x480,manual,29,1.5967
automobile2.jpeg,640x480,manual,30,1.677
automobile2.jpeg,640x480,opencv,1,1.9176
automobile2.jpeg,640x480,opencv,2,2.1704
automobile2.jpeg,640x480,opencv,3,2.1103
automobile2.jpeg,640x480,opencv,4,2.088
automobile2.jpeg,640x480,opencv,5,2.1331
automobile2.jpeg,640x480,opencv,6,2.039
automobile2.jpeg,640x480,opencv,7,2.0752
automobile2.jpeg,640x480,opencv,8,2.0489
automobile2.jpeg,640x480,opencv,9,2.0887
automobile2.jpeg,640x480,opencv,10,2.1163
automobile2.jpeg,640x480,opencv,11,2.0899
automobile2.jpeg,640x480,opencv,12,2.0742
automobile2.jpeg,640x480,opencv,13,2.1403
automobile2.jpeg,640x480,opencv,14,2.1046
automobile2.jpeg,640x480,opencv,15,2.0651
automobile2.jpeg,640x480,opencv,16,2.0806
automobile2.jpeg,640x480,opencv,17,2.1106
automobile2.jpeg,640x480,opencv,18,2.1515
automobile2.jpeg,640x480,opencv,19,2.1026
automobile2.jpeg,640x480,opencv,20,2.113
automobile2.jpeg,640x480,opencv,21,2.0648
automobile2.jpeg,640x480,opencv,22,2.0531
automobile2.jpeg,640x480,opencv,23,2.0305
automobile2.jpeg,640x480,opencv,24,2.0713
automobile2.jpeg,640x480,opencv,25,2.0919
automobile2.jpeg,640x480,opencv,26,2.1507
automobile2.jpeg,640x480,opencv,27,2.1616
automobile2.jpeg,640x480,opencv,28,2.0963
automobile2.jpeg,640x480,opencv,29,2.1178
automobile2.jpeg,640x480,opencv,30,2.079
automobile3.jpg,640x480,manual,1,1.463
automobile3.jpg,640x480,manual,2,1.6929
automobile3.jpg,640x480,manual,3,1.5921
automobile3.jpg,640x480,manual,4,1.8143
automobile3.jpg,640x480,manual,5,1.6929
automobile3.jpg,640x480,manual,6,1.7375
automobile3.jpg,640x480,manual,7,1.6174
automobile3.jpg,640x480,manual,8,1.7362
automobile3.jpg,640x480,manual,9,1.6071
automobile3.jpg,640x480,manual,10,1.6832
automobile3.jpg,640x480,manual,11,1.5992
automobile3.jpg,640x480,manual,12,1.6873
automobile3.jpg,640x480,manual,13,1.6246
automobile3.jpg,640x480,manual,14,1.7014
automobile3.jpg,640x480,manual,15,1.6088
automobile3.jpg,640x480,manual,16,1.6835
automobile3.jpg,640x480,manual,17,1.6068
automobile3.jpg,640x480,manual,18,1.6897
automobile3.jpg,640x480,manual,19,1.6067
automobile3.jpg,640x480,manual,20,1.6854
automobile3.jpg,640x480,manual,21,1.6028
automobile3.jpg,640x480,manual,22,1.6916
automobile3.jpg,640x480,manual,23,1.6584
automobile3.jpg,640x480,manual,24,1.6892
automobile3.jpg,640x480,manual,25,1.6803
automobile3.jpg,640x480,manual,26,1.7368
automobile3.jpg,640x480,manual,27,1.6121
automobile3.jpg,640x480,manual,28,1.6702
automobile3.jpg,640x480,manual,29,1.6041
automobile3.jpg,640x480,manual,30,1.6701
automobile3.jpg,640x480,opencv,1,2.0064
automobile3.jpg,640x480,opencv,2,2.1196
automobile3.jpg,640x480,opencv,3,2.0715
automobile3.jpg,640x480,opencv,4,2.5097
automobile3.jpg,640x480,opencv,5,2.1357
automobile3.jpg,640x480,opencv,6,2.0726
automobile3.jpg,640x480,opencv,7,2.0576
automobile3.jpg,640x480,opencv,8,2.1179
automobile3.jpg,640x480,opencv,9,2.5826
automobile3.jpg,640x480,opencv,10,2.1657
automobile3.jpg,640x480,opencv,11,2.3625
automobile3.jpg,640x480,opencv,12,2.0687
automobile3.jpg,640x480,opencv,13,2.0314
automobile3.jpg,640x480,opencv,14,2.0632
automobile3.jpg,640x480,opencv,15,2.0895
automobile3.jpg,640x480,opencv,16,2.306
automobile3.jpg,640x480,opencv,17,2.5727
automobile3.jpg,640x480,opencv,18,2.2925
automobile3.jpg,640x480,opencv,19,3.3028
automobile3.jpg,640x480,opencv,20,2.1797
automobile3.jpg,640x480,opencv,21,2.0925
automobile3.jpg,640x480,opencv,22,2.0765
automobile3.jpg,640x480,opencv,23,2.0287
automobile3.jpg,640x480,opencv,24,2.0053
automobile3.jpg,640x480,opencv,25,1.9818
automobile3.jpg,640x480,opencv,26,2.0559
automobile3.jpg,640x480,opencv,27,2.0547
automobile3.jpg,640x480,opencv,28,1.9679
automobile3.jpg,640x480,opencv,29,1.9763
automobile3.jpg,640x480,opencv,30,2.11
detail1.jpg,640x480,manual,1,1.4926
detail1.jpg,640x480,manual,2,1.7154
detail1.jpg,640x480,manual,3,1.6112
detail1.jpg,640x480,manual,4,1.6874
detail1.jpg,640x480,manual,5,1.6068
detail1.jpg,640x480,manual,6,1.6865
detail1.jpg,640x480,manual,7,1.624
detail1.jpg,640x480,manual,8,1.7007
detail1.jpg,640x480,manual,9,1.6572
detail1.jpg,640x480,manual,10,1.7458
detail1.jpg,640x480,manual,11,1.614
detail1.jpg,640x480,manual,12,1.6824
detail1.jpg,640x480,manual,13,1.6043
detail1.jpg,640x480,manual,14,1.6859
detail1.jpg,640x480,manual,15,1.6004
detail1.jpg,640x480,manual,16,1.6822
detail1.jpg,640x480,manual,17,1.6036
detail1.jpg,640x480,manual,18,1.6859
detail1.jpg,640x480,manual,19,1.6343
detail1.jpg,640x480,manual,20,1.8513
detail1.jpg,640x480,manual,21,1.7122
detail1.jpg,640x480,manual,22,1.7438
detail1.jpg,640x480,manual,23,1.6112
detail1.jpg,640x480,manual,24,1.6855
detail1.jpg,640x480,manual,25,1.597
detail1.jpg,640x480,manual,26,1.6794
detail1.jpg,640x480,manual,27,1.6072
detail1.jpg,640x480,manual,28,1.685
detail1.jpg,640x480,manual,29,1.7325
detail1.jpg,640x480,manual,30,1.9077
detail1.jpg,640x480,opencv,1,1.9419
detail1.jpg,640x480,opencv,2,2.0379
detail1.jpg,640x480,opencv,3,1.9616
detail1.jpg,640x480,opencv,4,1.9635
detail1.jpg,640x480,opencv,5,1.9485
detail1.jpg,640x480,opencv,6,1.9386
detail1.jpg,640x480,opencv,7,1.9951
detail1.jpg,640x480,opencv,8,2.0636
detail1.jpg,640x480,opencv,9,2.1942
detail1.jpg,640x480,opencv,10,2.1266
detail1.jpg,640x480,opencv,11,2.2772
detail1.jpg,640x480,opencv,12,2.0925
detail1.jpg,640x480,opencv,13,2.0342
detail1.jpg,640x480,opencv,14,1.9956
detail1.jpg,640x480,opencv,15,2.0135
detail1.jpg,640x480,opencv,16,2.0314
detail1.jpg,640x480,opencv,17,2.1416
detail1.jpg,640x480,opencv,18,2.1641
detail1.jpg,640x480,opencv,19,2.1102
detail1.jpg,640x480,opencv,20,2.0832
detail1.jpg,640x480,opencv,21,2.0583
detail1.jpg,640x480,opencv,22,1.988
detail1.jpg,640x480,opencv,23,1.986
detail1.jpg,640x480,opencv,24,1.9884
detail1.jpg,640x480,opencv,25,2.0325
detail1.jpg,640x480,opencv,26,1.9581
detail1.jpg,640x480,opencv,27,2.0053
detail1.jpg,640x480,opencv,28,1.9617
detail1.jpg,640x480,opencv,29,1.9336
detail1.jpg,640x480,opencv,30,1.9778
detail2.jpg,640x480,manual,1,1.4797
detail2.jpg,640x480,manual,2,1.6271
detail2.jpg,640x480,manual,3,1.5908
detail2.jpg,640x480,manual,4,1.5989
detail2.jpg,640x480,manual,5,1.686
detail2.jpg,640x480,manual,6,1.6104
detail2.jpg,640x480,manual,7,1.6027
detail2.jpg,640x480,manual,8,1.6039
detail2.jpg,640x480,manual,9,1.6087
detail2.jpg,640x480,manual,10,1.6371
detail2.jpg,640x480,manual,11,1.7025
detail2.jpg,640x480,manual,12,1.7009
detail2.jpg,640x480,manual,13,1.6258
detail2.jpg,640x480,manual,14,1.6323
detail2.jpg,640x480,manual,15,1.608
detail2.jpg,640x480,manual,16,1.6013
detail2.jpg,640x480,manual,17,1.6069
detail2.jpg,640x480,manual,18,1.6059
detail2.jpg,640x480,manual,19,1.6018
detail2.jpg,640x480,manual,20,1.6437
detail2.jpg,640x480,manual,21,1.7123
detail2.jpg,640x480,manual,22,1.6697
detail2.jpg,640x480,manual,23,1.5985
detail2.jpg,640x480,manual,24,1.6582
detail2.jpg,640x480,manual,25,1.6132
detail2.jpg,640x480,manual,26,1.6123
detail2.jpg,640x480,manual,27,1.6524
detail2.jpg,640x480,manual,28,1.6085
detail2.jpg,640x480,manual,29,1.6073
detail2.jpg,640x480,manual,30,1.6424
detail2.jpg,640x480,opencv,1,1.9603
detail2.jpg,640x480,opencv,2,2.0211
detail2.jpg,640x480,opencv,3,1.9202
detail2.jpg,640x480,opencv,4,1.8932
detail2.jpg,640x480,opencv,5,1.8004
detail2.jpg,640x480,opencv,6,1.8331
detail2.jpg,640x480,opencv,7,1.8599
detail2.jpg,640x480,opencv,8,1.8222
detail2.jpg,640x480,opencv,9,1.801
detail2.jpg,640x480,opencv,10,1.8712
detail2.jpg,640x480,opencv,11,1.944
detail2.jpg,640x480,opencv,12,1.8789
detail2.jpg,640x480,opencv,13,1.7968
detail2.jpg,640x480,opencv,14,1.8245
detail2.jpg,640x480,opencv,15,1.8508
detail2.jpg,640x480,opencv,16,1.8151
detail2.jpg,640x480,opencv,17,1.7879
detail2.jpg,640x480,opencv,18,1.8256
detail2.jpg,640x480,opencv,19,1.8746
detail2.jpg,640x480,opencv,20,1.9147
detail2.jpg,640x480,opencv,21,1.873
detail2.jpg,640x480,opencv,22,1.8754
detail2.jpg,640x480,opencv,23,1.8457
detail2.jpg,640x480,opencv,24,1.8245
detail2.jpg,640x480,opencv,25,1.8005
detail2.jpg,640x480,opencv,26,1.8602
detail2.jpg,640x480,opencv,27,1.8607
detail2.jpg,640x480,opencv,28,1.9161
detail2.jpg,640x480,opencv,29,2.0026
detail2.jpg,640x480,opencv,30,1.9724
detail3.jpg,640x480,manual,1,1.9197
detail3.jpg,640x480,manual,2,1.5529
detail3.jpg,640x480,manual,3,1.5454
detail3.jpg,640x480,manual,4,1.594
detail3.jpg,640x480,manual,5,2.1667
detail3.jpg,640x480,manual,6,1.4815
detail3.jpg,640x480,manual,7,1.4642
detail3.jpg,640x480,manual,8,1.4648
detail3.jpg,640x480,manual,9,1.8257
detail3.jpg,640x480,manual,10,1.5016
detail3.jpg,640x480,manual,11,1.4677
detail3.jpg,640x480,manual,12,1.4644
detail3.jpg,640x480,manual,13,1.5346
detail3.jpg,640x480,manual,14,1.8506
detail3.jpg,640x480,manual,15,1.4695
detail3.jpg,640x480,manual,16,1.4647
detail3.jpg,640x480,manual,17,1.4646
detail3.jpg,640x480,manual,18,1.8046
detail3.jpg,640x480,manual,19,1.5209
detail3.jpg,640x480,manual,20,1.4647
detail3.jpg,640x480,manual,21,1.4642
detail3.jpg,640x480,manual,22,1.4655
detail3.jpg,640x480,manual,23,1.8456
detail3.jpg,640x480,manual,24,1.522
detail3.jpg,640x480,manual,25,1.4661
detail3.jpg,640x480,manual,26,1.4649
detail3.jpg,640x480,manual,27,1.8119
detail3.jpg,640x480,manual,28,1.5015
detail3.jpg,640x480,manual,29,1.476
detail3.jpg,640x480,manual,30,1.4652
detail3.jpg,640x480,opencv,1,1.9246
detail3.jpg,640x480,opencv,2,1.8694
detail3.jpg,640x480,opencv,3,1.8153
detail3.jpg,640x480,opencv,4,1.8219
detail3.jpg,640x480,opencv,5,1.845
detail3.jpg,640x480,opencv,6,1.8117
detail3.jpg,640x480,opencv,7,1.7995
detail3.jpg,640x480,opencv,8,1.7781
detail3.jpg,640x480,opencv,9,1.8259
detail3.jpg,640x480,opencv,10,1.8103
detail3.jpg,640x480,opencv,11,1.7984
detail3.jpg,640x480,opencv,12,1.7856
detail3.jpg,640x480,opencv,13,1.8137
detail3.jpg,640x480,opencv,14,1.849
detail3.jpg,640x480,opencv,15,1.8157
detail3.jpg,640x480,opencv,16,1.7943
detail3.jpg,640x480,opencv,17,1.8424
detail3.jpg,640x480,opencv,18,1.8523
detail3.jpg,640x480,opencv,19,1.8168
detail3.jpg,640x480,opencv,20,1.8257
detail3.jpg,640x480,opencv,21,1.7868
detail3.jpg,640x480,opencv,22,1.8537
detail3.jpg,640x480,opencv,23,1.881
detail3.jpg,640x480,opencv,24,1.9383
detail3.jpg,640x480,opencv,25,2.0512
detail3.jpg,640x480,opencv,26,1.9546
detail3.jpg,640x480,opencv,27,1.9045
detail3.jpg,640x480,opencv,28,1.8439
detail3.jpg,640x480,opencv,29,1.8412
detail3.jpg,640x480,opencv,30,1.8426
